start,end,today,deviceid,A1_Metadata,A2_Metadata,A3_Metadata,A4_Metadata,A5_Metadata,A6_Metadata,A7_Metadata,A8a_Metadata,A8b_Metadata,A9_Metadata,B1_Demographics,B2_Demographics,B2o_Demographics,B3y_Demographics,B3m_Demographics,B3c_Demographics_AgeCal,B4_Demographics,B5_Demographics,B6_Demographics,B7_RecordHHMembers,B7_HHMembersCount,B7_SchoolAgeMembersCount,B7_SeparatedChildren,B7_AdultMales,B7_AdultFemales,B7_Children,B7_Over60Females,B7_HHMembersNote,B8_DemographicsMem,B9_DemographicsMem,B10_HHMembersCount,C1_DisplacementStatus,C2n_DisplacementStatus,C2a_DisplacementStatus,C2b_DisplacementStatus,C2c_DisplacementStatus,C2d_DisplacementStatus,C3_DisplacementStatus,C3o_DisplacementStatus,C4_DisplacementStatus,C5_DisplacementStatus,C6_DisplacementStatus,C6_DisplacementStatus/c6_1,C6_DisplacementStatus/c6_2,C6_DisplacementStatus/c6_3,C6_DisplacementStatus/c6_4,C6_DisplacementStatus/c6_5,C6_DisplacementStatus/c6_6,C6_DisplacementStatus/c6_7,C6_DisplacementStatus/c6_8,C6_DisplacementStatus/c6_9,C6_DisplacementStatus/c6_10,C6_DisplacementStatus/c6_11,C6_DisplacementStatus/c6_12,C6_DisplacementStatus/c6_13,C7_DisplacementStatus,C7_DisplacementStatus/c7_1,C7_DisplacementStatus/c7_2,C7_DisplacementStatus/c7_3,C7_DisplacementStatus/c7_4,C7_DisplacementStatus/c7_5,C7_DisplacementStatus/c7_6,C7_DisplacementStatus/c7_7,C7_DisplacementStatus/c7_8,C7_DisplacementStatus/c7_9,C7_DisplacementStatus/c7_10,C7_DisplacementStatus/c7_11,C8_DisplacementStatus,C8_DisplacementStatus/c8_1,C8_DisplacementStatus/c8_2,C8_DisplacementStatus/c8_3,C8_DisplacementStatus/c8_4,C8_DisplacementStatus/c8_5,C8_DisplacementStatus/c8_6,C8_DisplacementStatus/c8_8,C8_DisplacementStatus/c8_9,C8_DisplacementStatus/c8_7,C9_DisplacementStatus,C10_DisplacementStatus,D1_PriorityNeeds,D1a_PriorityNeeds,D1b_PriorityNeeds,D1c_PriorityNeeds,D2_PriorityNeeds,D2_PriorityNeeds/d2_1,D2_PriorityNeeds/d2_2,D2_PriorityNeeds/d2_3,D2_PriorityNeeds/d2_4,D2_PriorityNeeds/d2_5,D2_PriorityNeeds/d2_6,D2_PriorityNeeds/d2_7,E1a_ShelterNFICCCM,E1b_ShelterNFICCCM,E1c_ShelterNFICCCM,E1d_ShelterNFICCCM,E2_ShelterNFICCCM,E3_ShelterNFICCCM,E4_ShelterNFICCCM,E4_ShelterNFICCCM/e4_1,E4_ShelterNFICCCM/e4_2,E4_ShelterNFICCCM/e4_3,E4_ShelterNFICCCM/e4_4,E4_ShelterNFICCCM/e4_5,E4_ShelterNFICCCM/e4_6,E4_ShelterNFICCCM/e4_7,E5_ShelterNFICCCM,E5_ShelterNFICCCM/e5_1,E5_ShelterNFICCCM/e5_2,E5_ShelterNFICCCM/e5_3,E6_ShelterNFICCCM,E7_ShelterNFICCCM,E7_ShelterNFICCCM/e7_1,E7_ShelterNFICCCM/e7_2,E7_ShelterNFICCCM/e7_3,E7_ShelterNFICCCM/e7_4,E7_ShelterNFICCCM/e7_5,E7_ShelterNFICCCM/e7_6,E7_ShelterNFICCCM/e7_7,E7_ShelterNFICCCM/e7_8,E7_ShelterNFICCCM/e7_9,E7_ShelterNFICCCM/e7_10,E7_ShelterNFICCCM/e7_11,E7_ShelterNFICCCM/e7_12,E8_ShelterNFICCCM,E9_ShelterNFICCCM,E10_ShelterNFICCCM,F1_WASH,F1_WASH/f1_1,F1_WASH/f1_2,F1_WASH/f1_3,F1_WASH/f1_4,F2a_WASH,F2b_WASH,F2c_WASH,F2d_WASH,F3_WASH,F4_WASH,F4_WASH/f4_1,F4_WASH/f4_2,F4_WASH/f4_3,F4_WASH/f4_4,F4_WASH/f4_5,F4_WASH/f4_6,F5_WASH,F6_WASH,F7_WASH,F8_WASH,F8_WASH/f8_1,F8_WASH/f8_2,F8_WASH/f8_3,F8_WASH/f8_4,F8_WASH/f8_5,F8_WASH/f8_6,F8_WASH/f8_7,F8_WASH/f8_8,F8_WASH/f8_9,F8_WASH/f8_10,F8_WASH/f8_11,F9_WASH,F10_WASH,F10_WASH/f10_1,F10_WASH/f10_2,F10_WASH/f10_3,F10_WASH/f10_4,F10_WASH/f10_5,F10_WASH/f10_6,F10_WASH/f10_7,F10_WASH/f10_8,F10_WASH/f10_9,F11_WASH,F11_WASH/f11_1,F11_WASH/f11_2,F11_WASH/f11_3,F11_WASH/f11_4,F11_WASH/f11_5,F11_WASH/f11_6,F11_WASH/f11_7,F11_WASH/f11_8,F11_WASH/f11_9,F12_WASH,F13_WASH,F14_WASH,F15_WASH,G1_Education,G2_Education,G2_Education/g2_1,G2_Education/g2_2,G2_Education/g2_3,G2_Education/g2_4,G2_Education/g2_5,G2_Education/g2_6,G2_Education/g2_7,G2_Education/g2_8,G2_Education/g2_9,G2_Education/g2_10,G2_Education/g2_11,G2_Education/g2_12,G2_Education/g2_13,G2_Education/g2_14,G3_Education,G3_Education/g3_1,G3_Education/g3_2,G3_Education/g3_3,G3_Education/g3_4,G3_Education/g3_5,G3_Education/g3_6,G3_Education/g3_7,G3_Education/g3_8,G3_Education/g3_9,G3_Education/g3_10,G3_Education/g3_11,G3_Education/g3_12,G3_Education/g3_13,G3_Education/g3_14,G3_Education/g3_15,G3_Education/g3_16,G3_Education/g3_17,G4_Education,G4_Education/g4_1,G4_Education/g4_2,G4_Education/g4_3,G4_Education/g4_4,G4_Education/g4_5,G4_Education/g4_6,G4_Education/g4_7,G4_Education/g4_8,G4_Education/g4_9,G4_Education/g4_10,G4_Education/g4_11,G4_Education/g4_12,G4_Education/g4_13,G4_Education/g4_14,G4_Education/g4_15,G4_Education/g4_16,G4_Education/g4_17,G4_Education/g4_18,G5_Education,G6_Education,G7_Education,G7_Education/g7_1,G7_Education/g7_2,G7_Education/g7_3,G7_Education/g7_4,G7_Education/g7_6,G7_Education/g7_7,H1_Health,H2_Health,H2_Health/h2_1,H2_Health/h2_2,H2_Health/h2_3,H2_Health/h2_4,H2_Health/h2_5,H2_Health/h2_6,H2_Health/h2_8,H2_Health/h2_10,H2_Health/h2_11,H2_Health/h2_12,H2_Health/h2_13,H2_Health/h2_14,H2_Health/h2_15,H2_Health/h2_16,H2_Health/h2_17,H2_Health/h2_18,H2_Health/h2_19,H2_Health/h2_20,H2_Health/h2_21,H2_Health/h2_22,H2_Health/h2_23,H2_Health/h2_24,H3_Health,H4_Health,H4_Health/h4_1,H4_Health/h4_2,H4_Health/h4_3,H4_Health/h4_4,H4_Health/h4_5,H4_Health/h4_6,H4_Health/h4_7,H4_Health/h4_8,H4_Health/h4_9,H4_Health/h4_10,H5_Health,H5_Health/h5_6_1,H5_Health/h5_6_2,H5_Health/h5_6_3,H5_Health/h5_6_4,H5_Health/h5_6_5,H5_Health/h5_6_6,H5_Health/h5_6_7,H5_Health/h5_6_8,H5_Health/h5_6_9,H5_Health/h5_6_10,H5_Health/h5_6_11,H5_Health/h5_6_12,H5_Health/h5_6_13,H5_Health/h5_6_14,H5_Health/h5_6_15,H5_Health/h5_6_16,H6_Health,H6_Health/h5_6_1,H6_Health/h5_6_2,H6_Health/h5_6_3,H6_Health/h5_6_4,H6_Health/h5_6_5,H6_Health/h5_6_6,H6_Health/h5_6_7,H6_Health/h5_6_8,H6_Health/h5_6_9,H6_Health/h5_6_10,H6_Health/h5_6_11,H6_Health/h5_6_12,H6_Health/h5_6_13,H6_Health/h5_6_14,H6_Health/h5_6_15,H6_Health/h5_6_16,H7_Health,H8_Health,H9_Health,H10_Health,H10_Health/h10_1,H10_Health/h10_2,H10_Health/h10_3,H10_Health/h10_4,H10_Health/h10_5,H10_Health/h10_6,H10_Health/h10_7,H10_Health/h10_8,H10_Health/h10_9,H10_Health/h10_10,H10_Health/h10_11,H10_Health/h10_12,H10_Health/h10_13,H10_Health/h10_14,H10_Health/h10_15,H10_Health/h10_18,H10_Health/h10_16,H10_Health/h10_17,H10_Health/h10_19,H11_Health,H12_Health,H12_Health/h12_1,H12_Health/h12_2,H12_Health/h12_3,H12_Health/h12_4,H12_Health/h12_5,H12_Health/h12_6,H12_Health/h12_7,H12_Health/h12_8,H12_Health/h12_9,H12_Health/h12_10,H12_Health/h12_11,H12_Health/h12_12,H13_Health,H14_Health,H14_Health/h14_1,H14_Health/h14_2,H14_Health/h14_3,H14_Health/h14_4,H14_Health/h14_5,H15_Health,H16_Health,H17_Health,H18_Health,H18_Health/h18_1,H18_Health/h18_2,H18_Health/h18_3,H18_Health/h18_4,H18_Health/h18_5,H18_Health/h18_6,H18_Health/h18_7,H18_Health/h18_8,H18_Health/h18_9,H18_Health/h18_10,H18_Health/h18_11,H18_Health/h18_12,H18_Health/h18_13,H18_Health/h18_17,H18_Health/h18_14,H18_Health/h18_15,H18_Health/h18_16,H18_Health/h18_18,I1_Protection,I2_Protection,I2_Protection/i2_1,I2_Protection/i2_2,I2_Protection/i2_3,I2_Protection/i2_4,I2_Protection/i2_5,I3_Protection,I3_Protection/i3_1,I3_Protection/i3_2,I3_Protection/i3_3,I3_Protection/i3_4,I3_Protection/i3_5,I3_Protection/i3_6,I3_Protection/i3_7,I3_Protection/i3_8,I3_Protection/i3_9,I3_Protection/i3_10,I3_Protection/i3_11,I3_Protection/i3_12,I4_Protection,I4_Protection/i4_1,I4_Protection/i4_2,I4_Protection/i4_3,I4_Protection/i4_4,I4_Protection/i4_5,I4_Protection/i4_6,I4_Protection/i4_7,I4_Protection/i4_8,I5_Protection,I5_Protection/i5_1,I5_Protection/i5_2,I5_Protection/i5_3,I5_Protection/i5_4,I5_Protection/i5_5,I5_Protection/i5_6,I5_Protection/i5_7,I5_Protection/i5_8,I6_Protection,I6_Protection/i6_1,I6_Protection/i6_2,I6_Protection/i6_3,I6_Protection/i6_4,I6_Protection/i6_5,I6_Protection/i6_6,I6_Protection/i6_7,I7_Protection,I7_Protection/i7_1,I7_Protection/i7_2,I7_Protection/i7_3,I7_Protection/i7_4,J1_Livelihood,J1_Livelihood/j1_1,J1_Livelihood/j1_2,J1_Livelihood/j1_3,J1_Livelihood/j1_4,J1_Livelihood/j1_5,J1_Livelihood/j1_6,J1_Livelihood/j1_7,J1_Livelihood/j1_8,J1_Livelihood/j1_9,J1_Livelihood/j1_10,J1_Livelihood/j1_11,J1_Livelihood/j1_12,J1_Livelihood/j1_13,J1_Livelihood/j1_14,J1_Livelihood/j1_15,J2_Livelihood,J3_Livelihood,J4_Livelihood,J5_Livelihood,J5_Livelihood/j5_1,J5_Livelihood/j5_2,J5_Livelihood/j5_3,J5_Livelihood/j5_4,J5_Livelihood/j5_5,J5_Livelihood/j5_6,J5_Livelihood/j5_7,J5_Livelihood/j5_8,J5_Livelihood/j5_9,J5_Livelihood/j5_11,J5_Livelihood/j5_10,J6_Livelihood,J7_Livelihood,J7_Livelihood/j7_1,J7_Livelihood/j7_2,J7_Livelihood/j7_3,J7_Livelihood/j7_4,J7_Livelihood/j7_5,J7_Livelihood/j7_6,J7_Livelihood/j7_7,J7_Livelihood/j7_8,J7_Livelihood/j7_9,J7_Livelihood/j7_10,J7_Livelihood/j7_11,J7_Livelihood/j7_12,J7_Livelihood/j7_13,J7_Livelihood/j7_14,J7_Livelihood/j7_15,J7_Livelihood/j7_16,J8_Livelihood,J9_Livelihood,J9a_Livelihood,J9b_Livelihood,J9c_Livelihood,J10_Livelihood,K1_Cash,K2_Cash,K2_Cash/k2_1,K2_Cash/k2_2,K2_Cash/k2_3,K2_Cash/k2_4,K2_Cash/k2_5,K3_Cash,K4_Cash,K4_Cash/k4_1,K4_Cash/k4_2,K4_Cash/k4_3,K4_Cash/k4_4,K4_Cash/k4_5,L1_HummAssist,L2_HummAssist,L2_HummAssist/l2_1,L2_HummAssist/l2_2,L2_HummAssist/l2_3,L2_HummAssist/l2_4,L2_HummAssist/l2_5,L2_HummAssist/l2_6,L2_HummAssist/l2_7,L2_HummAssist/l2_8,L2_HummAssist/l2_9,L2_HummAssist/l2_10,L2_HummAssist/l2_11,L2_HummAssist/l2_12,L2_HummAssist/l2_13,L2_HummAssist/l2_14,L2_HummAssist/l2_15,L2_HummAssist/l2_16,L2_HummAssist/l2_17,L2_HummAssist/l2_18,L2_HummAssist/l2_19,L3_HummAssist,L3_HummAssist/l3_1,L3_HummAssist/l3_2,L3_HummAssist/l3_3,L3_HummAssist/l3_4,L3_HummAssist/l3_5,L3_HummAssist/l3_6,L3_HummAssist/l3_7,L3_HummAssist/l3_8,L3_HummAssist/l3_9,L3_HummAssist/l3_10,L4_HummAssist,L5_HummAssist,L5_HummAssist/l5_1,L5_HummAssist/l5_2,L5_HummAssist/l5_3,L5_HummAssist/l5_4,L5_HummAssist/l5_5,L5_HummAssist/l5_6,L5_HummAssist/l5_7,L5_HummAssist/l5_8,L5_HummAssist/l5_9,L5_HummAssist/l5_10,L5_HummAssist/l5_11,L5_HummAssist/l5_12,L5_HummAssist/l5_13,L6_HummAssist,L7_HummAssist,L8_HummAssist,L9_HummAssist,L10_HummAssist,L10_HummAssist/l10_1,L10_HummAssist/l10_2,L10_HummAssist/l10_3,L10_HummAssist/l10_4,L10_HummAssist/l10_5,L10_HummAssist/l10_6,L10_HummAssist/l10_7,L10_HummAssist/l10_8,L10_HummAssist/l10_9,L10_HummAssist/l10_10,L10_HummAssist/l10_11,L10_HummAssist/l10_12,L10_HummAssist/l10_13,L10_HummAssist/l10_14,L10_HummAssist/l10_15,L10_HummAssist/l10_16,L10_HummAssist/l10_17,L10_HummAssist/l10_18,L10_HummAssist/l10_19,L10_HummAssist/l10_20,L10_HummAssist_other,L11_HummAssist,L11_HummAssist/l11_1,L11_HummAssist/l11_2,L11_HummAssist/l11_3,L11_HummAssist/l11_4,L11_HummAssist/l11_5,L11_HummAssist/l11_6,L11_HummAssist/l11_7,L11_HummAssist/l11_8,L11_HummAssist/l11_9,L12_HummAssist,L13_HummAssist,L14_HummAssist,L15_HummAssist,L16_HummAssist,L16_HummAssist/l16_1,L16_HummAssist/l16_2,L16_HummAssist/l16_3,L16_HummAssist/l16_4,L16_HummAssist/l16_5,L16_HummAssist/l16_6,L16_HummAssist/l16_7,L16_HummAssist/l16_8,L16_HummAssist/l16_9,L16_HummAssist/l16_10,L16_HummAssist/l16_11,L16_HummAssist/l16_12,L16_HummAssist/l16_13,L16_HummAssist/l16_14,L16_HummAssist/l16_15,FormName,_id,_uuid,_submission_time,_validation_status,_index
2019-06-23T09:43:14.596+03,2019-06-23T13:09:36.107+03,2019-06-23,867241039279478,a1_1,14,1403,140321,14032111300,Osc,2019-06-25,11:47:00.000+02,11:47:00.000+02,a7_2,yes,b2_yemeni,,1986,4,33,b4_4,2,no,,2,1,0,0,0,0,0,,yes,,2,,,,,,,,,,,,,,,,,,,,,,,,,,,,,,,,,,,,,c8_1 c8_4 c8_5,1,0,0,1,1,0,0,0,0,c9_10_1,c9_10_4,,d1_2,d1_5,d1_8,d2_3,0,0,1,0,0,0,0,,e1b_6,e1c_1,e1d_3,,,e4_3 e4_4,0,0,1,1,0,0,0,e5_1,1,0,0,e6_3,,,,,,,,,,,,,,e8_1,,,f1_1,1,0,0,0,,f2b_3,f2c_1,,f3_5,f4_4,0,0,0,1,0,0,,f6_1,0,f8_11,0,0,0,0,0,0,0,0,0,0,1,f9_2,f10_2 f10_4,0,1,0,1,0,0,0,0,0,f11_3,0,0,1,0,0,0,0,0,0,f12_3,,f14_1,f15_5,g1_3,,,,,,,,,,,,,,,,,,,,,,,,,,,,,,,,,,,,,,,,,,,,,,,,,,,,,g5_1,g6_2,,,,,,,,h1_3,,,,,,,,,,,,,,,,,,,,,,,,h3_1,h4_2 h4_3,0,1,1,0,0,0,0,0,0,0,h5_6_1,1,0,0,0,0,0,0,0,0,0,0,0,0,0,0,0,h5_6_1,1,0,0,0,0,0,0,0,0,0,0,0,0,0,0,0,h7_1,3000,h9_2,,,,,,,,,,,,,,,,,,,,,h11_4,h12_3,0,0,1,0,0,0,0,0,0,0,0,0,h13_1,h14_2,0,1,0,0,0,yes,h16_2,,h18_3,0,0,1,0,0,0,0,0,0,0,0,0,0,0,0,0,0,0,i1_1,i2_3,0,0,1,0,0,i3_8,0,0,0,0,0,0,0,1,0,0,0,0,i4_4,0,0,0,1,0,0,0,0,i5_2 i5_4,0,1,0,1,0,0,0,0,,,,,,,,,,,,,,j1_3,0,0,1,0,0,0,0,0,0,0,0,0,0,0,0,,,j4_1,j5_4,0,0,0,1,0,0,0,0,0,0,0,j6_1,j7_4,0,0,0,1,0,0,0,0,0,0,0,0,0,0,0,0,j8_1,,j9_2,j9_1,j9_8,j10_11,k1_3,,,,,,,,,,,,,,l1_2,,,,,,,,,,,,,,,,,,,,,,,,,,,,,,,,,,,,,,,,,,,,,,,,,,yes,l10_1,1,0,0,0,0,0,0,0,0,0,0,0,0,0,0,0,0,0,0,0,,l11_4,0,0,0,1,0,0,0,0,0,l12_3,l13_3,,,l16_2 l16_3 l16_4,0,1,1,1,0,0,0,0,0,0,0,0,0,0,0,Yemen MCLA 2019 DRAFT v1- 2019-06-23,59279343,aee4b8e7-5c3e-4f8a-8887-7c367d22c497,2019-06-23T10:11:11,,1
2019-06-23T11:10:07.239+03,2019-06-23T13:09:45.953+03,2019-06-23,867241039279478,a1_2,14,1420,142023,14202310400,Fj,2019-06-23,12:11:00.000+02,12:11:00.000+02,a7_2,yes,b2_ethiopian,,1994,1,25,b4_2,5,no,,5,1,0,0,0,0,0,,yes,,5,,,,,,,c3_7,,c4_2,16,c6_2 c6_11,0,1,0,0,0,0,0,0,0,0,1,0,0,c7_5 c7_8,0,0,0,0,1,0,0,1,0,0,0,c8_3 c8_4 c8_5,0,0,1,1,1,0,0,0,0,c9_10_1,c9_10_4,,d1_1,d1_3,d1_8,d2_2 d2_3 d2_4 d2_5,0,1,1,1,1,0,0,,e1b_3,,,,,e4_1 e4_2 e4_3,1,1,1,0,0,0,0,e5_2,0,1,0,e6_2,,,,,,,,,,,,,,e8_1,,e10_5,f1_2,0,1,0,0,f2a_4,,,,f3_7,f4_5,0,0,0,0,1,0,,f6_1,600,f8_5,0,0,0,0,1,0,0,0,0,0,0,f9_3,f10_4 f10_7,0,0,0,1,0,0,1,0,0,f11_5 f11_7 f11_8,0,0,0,0,1,0,1,1,0,f12_1,f13_2,f14_4,f15_5,g1_2,,,,,,,,,,,,,,,,,,,,,,,,,,,,,,,,,,,,,,,,,,,,,,,,,,,,,g5_1,g6_3,g7_6,0,0,0,0,1,0,h1_1,h2_6,0,0,0,0,0,1,0,0,0,0,0,0,0,0,0,0,0,0,0,0,0,0,h3_3,,,,,,,,,,,,,,,,,,,,,,,,,,,,,,,,,,,,,,,,,,,,,,h7_1,1400,h9_4,,,,,,,,,,,,,,,,,,,,,h11_2,h12_6 h12_8 h12_9,0,0,0,0,0,1,0,1,1,0,0,0,h13_2,h14_1 h14_2 h14_3,1,1,1,0,0,no,,,h18_4,0,0,0,1,0,0,0,0,0,0,0,0,0,0,0,0,0,0,i1_3,,,,,,,,,,,,,,,,,,,,,,,,,,,,,,,,,,,,,,,,,,,,,,,,,,,j1_1 j1_2 j1_3,1,1,1,0,0,0,0,0,0,0,0,0,0,0,0,j2_1,j3_2,j4_3,,,,,,,,,,,,,j6_2,,,,,,,,,,,,,,,,,,j8_3,,,,,j10_1,k1_3,,,,,,,,,,,,,,l1_1,l2_1 l2_2 l2_5 l2_6,1,1,0,0,1,1,0,0,0,0,0,0,0,0,0,0,0,0,0,l3_1 l3_3 l3_5,1,0,1,0,1,0,0,0,0,0,l4_2,l5_2 l5_3,0,1,1,0,0,0,0,0,0,0,0,0,0,l6_3,yes,,no,,,,,,,,,,,,,,,,,,,,,,,,,,,,,,,,,l12_1,l13_2,,,l16_4,0,0,0,1,0,0,0,0,0,0,0,0,0,0,0,Yemen MCLA 2019 DRAFT v1- 2019-06-23,59279345,36e30943-d15f-4bb1-bed1-1199d2fc27d0,2019-06-23T10:11:12,,2
2019-06-23T12:00:26.925+03,2019-06-23T13:08:59.610+03,2019-06-23,867241039279478,a1_3,30,3006,300622,30062225600,Rfh,2019-06-23,12:01:00.000+02,12:01:00.000+02,a7_2,no,b2_eritrean,,1982,1,37,b4_1,3,yes,,3,0,0,0,0,0,0,,yes,,3,c1_1,,12,1209,120921,12092120800,,,,1,c6_1 c6_2 c6_3,1,1,1,0,0,0,0,0,0,0,0,0,0,c7_1 c7_2 c7_3 c7_4,1,1,1,1,0,0,0,0,0,0,0,c8_3,0,0,1,0,0,0,0,0,0,c9_10_3,c9_10_2,,d1_1,d1_3,d1_5,d2_3,0,0,1,0,0,0,0,no,e1b_1,,,,,e4_2,0,1,0,0,0,0,0,,,,,e6_2,,,,,,,,,,,,,,e8_1,e9_3,e10_3,f1_1,1,0,0,0,,f2b_4,f2c_3,,f3_3,f4_3,0,0,1,0,0,0,,f6_4,0,f8_6,0,0,0,0,0,1,0,0,0,0,0,f9_2,f10_4,0,0,0,1,0,0,0,0,0,f11_3,0,0,1,0,0,0,0,0,0,f12_2,f13_2,f14_1,f15_5,,,,,,,,,,,,,,,,,,,,,,,,,,,,,,,,,,,,,,,,,,,,,,,,,,,,,,,,,,,,,,,h1_1,h2_5,0,0,0,0,1,0,0,0,0,0,0,0,0,0,0,0,0,0,0,0,0,0,h3_4,,,,,,,,,,,,,,,,,,,,,,,,,,,,,,,,,,,,,,,,,,,,,,h7_2,,h9_3,,,,,,,,,,,,,,,,,,,,,h11_1,h12_5,0,0,0,0,1,0,0,0,0,0,0,0,h13_3,h14_1 h14_2 h14_3,1,1,1,0,0,no,,,h18_2 h18_3 h18_4,0,1,1,1,0,0,0,0,0,0,0,0,0,0,0,0,0,0,i1_3,,,,,,,,,,,,,,,,,,,,,,,,,,,,,,,,,,,,,,,,,,,,,,,,,,,j1_3 j1_4 j1_5,0,0,1,1,1,0,0,0,0,0,0,0,0,0,0,,,j4_3,,,,,,,,,,,,,j6_1,j7_1 j7_2 j7_3,1,1,1,0,0,0,0,0,0,0,0,0,0,0,0,0,j8_3,,,,,j10_3,k1_3,,,,,,,,,,,,,,l1_2,,,,,,,,,,,,,,,,,,,,,,,,,,,,,,,,,,,,,,,,,,,,,,,,,,no,,,,,,,,,,,,,,,,,,,,,,,,,,,,,,,,,l12_3,l13_2,,,l16_4 l16_5 l16_6,0,0,0,1,1,1,0,0,0,0,0,0,0,0,0,Yemen MCLA 2019 DRAFT v1- 2019-06-23,59279347,7be030b1-f65c-4d94-93e1-3f4e137051cf,2019-06-23T10:11:13,,3
2019-06-23T12:18:49.899+03,2019-06-23T13:09:08.613+03,2019-06-23,867241039279478,a1_4,31,3105,310531,31053110200,Fjg,2019-06-23,12:20:00.000+02,12:20:00.000+02,a7_2,no,b2_other,Jordanian,1965,12,54,b4_3,1,no,,1,0,0,0,0,0,0,,yes,,1,,,,,,,c3_1,,c4_4,1,c6_1 c6_2 c6_3,1,1,1,0,0,0,0,0,0,0,0,0,0,c7_3 c7_5,0,0,1,0,1,0,0,0,0,0,0,c8_1 c8_2 c8_3,1,1,1,0,0,0,0,0,0,c9_10_4,c9_10_3,,d1_2,d1_5,d1_8,d2_1 d2_2 d2_3,1,1,1,0,0,0,0,,e1b_6,e1c_2,e1d_2,,,e4_6 e4_7,0,0,0,0,0,1,1,e5_1,1,0,0,e6_4,,,,,,,,,,,,,,e8_1,,e10_4,f1_1 f1_3,1,0,1,0,,f2b_1,f2c_1,f2d_2,f3_2,f4_3,0,0,1,0,0,0,4539,f6_4,1257,f8_2 f8_5 f8_6 f8_9,0,1,0,0,1,1,0,0,1,0,0,f9_2,f10_4 f10_7 f10_8,0,0,0,1,0,0,1,1,0,f11_3 f11_5 f11_7,0,0,1,0,1,0,1,0,0,f12_1,f13_2,f14_2,f15_2,,,,,,,,,,,,,,,,,,,,,,,,,,,,,,,,,,,,,,,,,,,,,,,,,,,,,,,,,,,,,,,h1_2,,,,,,,,,,,,,,,,,,,,,,,,,,,,,,,,,,,,,,,,,,,,,,,,,,,,,,,,,,,,,,,,,,,,,,,,,,,,,,,,,,,,,,,,,,,,,,,,,,,,,,,,,,,,h14_1 h14_2 h14_3,1,1,1,0,0,no,,,h18_1 h18_3 h18_4,1,0,1,1,0,0,0,0,0,0,0,0,0,0,0,0,0,0,i1_3,,,,,,,,,,,,,,,,,,,,,,,,,,,,,,,,,,,,,,,,,,,,,,,,,,,j1_1 j1_2 j1_3,1,1,1,0,0,0,0,0,0,0,0,0,0,0,0,j2_2,,j4_2,,,,,,,,,,,,,j6_2,,,,,,,,,,,,,,,,,,j8_2,,,,,j10_2,k1_2,,,,,,,,,,,,,,l1_1,l2_2 l2_3 l2_4,0,1,1,1,0,0,0,0,0,0,0,0,0,0,0,0,0,0,0,l3_1 l3_2 l3_3,1,1,1,0,0,0,0,0,0,0,l4_2,l5_2 l5_3 l5_4,0,1,1,1,0,0,0,0,0,0,0,0,0,l6_2,yes,,no,,,,,,,,,,,,,,,,,,,,,,,,,,,,,,,,,l12_3,l13_1,no,yes,,,,,,,,,,,,,,,,,Yemen MCLA 2019 DRAFT v1- 2019-06-23,59279350,86df4613-50a4-44ad-b810-c70326ebc49a,2019-06-23T10:11:14,,4
2019-06-23T12:43:33.306+03,2019-06-23T13:10:13.566+03,2019-06-23,867241039279478,a1_5,13,1305,130524,1.31E+10,Gj,2019-06-23,13:44:00.000+02,13:44:00.000+02,a7_1,no,b2_yemeni,,1978,7,41,b4_3,1,no,,1,0,0,0,0,0,0,,no,2,1,,,,,,,,,,,,,,,,,,,,,,,,,,,,,,,,,,,,,c8_1 c8_2 c8_3,1,1,1,0,0,0,0,0,0,c9_10_5,c9_10_3,,d1_16,d1_8,d1_15,d2_1 d2_2,1,1,0,0,0,0,0,,e1b_3,,,,,e4_2,0,1,0,0,0,0,0,e5_1,1,0,0,e6_3,,,,,,,,,,,,,,e8_1,,,f1_1,1,0,0,0,,f2b_4,f2c_2,,f3_5,f4_1 f4_2,1,1,0,0,0,0,,f6_6,300,f8_3 f8_7,0,0,1,0,0,0,1,0,0,0,0,f9_2,f10_4 f10_7,0,0,0,1,0,0,1,0,0,f11_1 f11_2 f11_3 f11_4 f11_5 f11_6 f11_7 f11_8,1,1,1,1,1,1,1,1,0,f12_2,f13_1,f14_2,f15_2,,,,,,,,,,,,,,,,,,,,,,,,,,,,,,,,,,,,,,,,,,,,,,,,,,,,,,,,,,,,,,,h1_1,h2_1 h2_2 h2_4,1,1,0,1,0,0,0,0,0,0,0,0,0,0,0,0,0,0,0,0,0,0,h3_2,,,,,,,,,,,,,,,,,,,,,,,,,,,,,,,,,,,,,,,,,,,,,,,,,,,,,,,,,,,,,,,,,,,,,,,,,,,,,,,,,,,,,,,,,,no,,,h18_3 h18_5,0,0,1,0,1,0,0,0,0,0,0,0,0,0,0,0,0,0,i1_3,,,,,,,,,,,,,,,,,,,,,,,,,,,,,,,,,,,,,,,,,,,,,,,,,,,j1_2 j1_3 j1_6,0,1,1,0,0,1,0,0,0,0,0,0,0,0,0,j2_1,j3_3,j4_2,,,,,,,,,,,,,j6_1,j7_1 j7_2 j7_4,1,1,0,1,0,0,0,0,0,0,0,0,0,0,0,0,j8_2,,,,,j10_1,k1_1,k2_1 k2_2,1,1,0,0,0,k3_1,k4_1 k4_3,1,0,1,0,0,l1_1,l2_1 l2_3 l2_5,1,0,1,0,1,0,0,0,0,0,0,0,0,0,0,0,0,0,0,l3_1 l3_4,1,0,0,1,0,0,0,0,0,0,l4_1,,,,,,,,,,,,,,,l6_1,yes,,yes,l10_1 l10_3,1,0,1,0,0,0,0,0,0,0,0,0,0,0,0,0,0,0,0,0,,l11_1 l11_3 l11_4,1,0,1,1,0,0,0,0,0,l12_1,l13_1,no,no,,,,,,,,,,,,,,,,,Yemen MCLA 2019 DRAFT v1- 2019-06-23,59279352,026032e3-0d40-41f8-a2ab-dab97419dcde,2019-06-23T10:11:15,,5
2019-06-23T10:31:26.837+03,2019-06-23T13:11:22.667+03,2019-06-23,867241039279478,a1_1,30,3004,300422,30042220000,34d,2019-06-23,10:31:00.000+02,10:31:00.000+02,a7_1,no,b2_yemeni,,1963,1,56,b4_3,4,no,,4,1,0,0,0,0,0,,yes,,4,,,,,,,,,,,,,,,,,,,,,,,,,,,,,,,,,,,,,c8_4,0,0,0,1,0,0,0,0,0,c9_10_1,c9_10_4,,d1_10,d1_1,d1_4,d2_3,0,0,1,0,0,0,0,,e1b_4,e1c_3,e1d_4,,,e4_1 e4_2,1,1,0,0,0,0,0,e5_1,1,0,0,e6_3,,,,,,,,,,,,,,e8_1,,,f1_3,0,0,1,0,,,,f2d_5,f3_5,f4_1,1,0,0,0,0,0,4,f6_4,0,f8_4,0,0,0,1,0,0,0,0,0,0,0,f9_3,f10_4,0,0,0,1,0,0,0,0,0,f11_3 f11_4 f11_5,0,0,1,1,1,0,0,0,0,f12_4,,f14_4,f15_1,g1_3,,,,,,,,,,,,,,,,,,,,,,,,,,,,,,,,,,,,,,,,,,,,,,,,,,,,,g5_3,g6_5,,,,,,,,h1_2,,,,,,,,,,,,,,,,,,,,,,,,,,,,,,,,,,,,,,,,,,,,,,,,,,,,,,,,,,,,,,,,,,,,,,,,,,,,,,,,,,,,,,,,,,,,,,,,,,,,,,,,,,,,h14_3,0,0,1,0,0,no,,,h18_5,0,0,0,0,1,0,0,0,0,0,0,0,0,0,0,0,0,0,i1_3,,,,,,,,,,,,,,,,,,,,,,,,,,,,,,,,,,,,,,,,,,,,,,,,,,,j1_5,0,0,0,0,1,0,0,0,0,0,0,0,0,0,0,,,j4_3,,,,,,,,,,,,,j6_1,j7_1 j7_4 j7_7,1,0,0,1,0,0,1,0,0,0,0,0,0,0,0,0,j8_2,,,,,j10_4,k1_3,,,,,,,,,,,,,,l1_3,,,,,,,,,,,,,,,,,,,,,,,,,,,,,,,,,,,,,,,,,,,,,,,,,,no,,,,,,,,,,,,,,,,,,,,,,,,,,,,,,,,,l12_3,l13_2,,,l16_3 l16_4 l16_5,0,0,1,1,1,0,0,0,0,0,0,0,0,0,0,Yemen MCLA 2019 DRAFT v1- 2019-06-23,59279435,246f8080-021d-4c39-8778-bfa4fcf743fa,2019-06-23T10:12:00,,6
2019-06-23T12:11:24.578+03,2019-06-23T13:11:42.575+03,2019-06-23,867241039279478,a1_3,29,2902,290230,29023080200,Hgd,2019-06-23,13:12:00.000+02,13:12:00.000+02,a7_1,no,b2_yemeni,,2001,1,18,b4_2,1,no,,1,0,0,0,0,0,0,,yes,,1,c1_2,,12,1201,120122,12012213400,,,,1,c6_2 c6_3,0,1,1,0,0,0,0,0,0,0,0,0,0,c7_2 c7_3 c7_5 c7_7,0,1,1,0,1,0,1,0,0,0,0,c8_3 c8_4 c8_5,0,0,1,1,1,0,0,0,0,c9_10_3,c9_10_4,,d1_2,d1_5,d1_1,d2_1 d2_2,1,1,0,0,0,0,0,no,e1b_4,e1c_3,e1d_3,,,e4_1 e4_3,1,0,1,0,0,0,0,e5_1,1,0,0,e6_4,,,,,,,,,,,,,,e8_3,e9_2,e10_4,f1_1,1,0,0,0,,f2b_3,f2c_2,,f3_2,f4_2 f4_3,0,1,1,0,0,0,,f6_2,0,f8_2 f8_3 f8_4,0,1,1,1,0,0,0,0,0,0,0,f9_2,f10_2 f10_3 f10_4,0,1,1,1,0,0,0,0,0,f11_1 f11_2 f11_3,1,1,1,0,0,0,0,0,0,f12_2,f13_2,f14_2,f15_3,,,,,,,,,,,,,,,,,,,,,,,,,,,,,,,,,,,,,,,,,,,,,,,,,,,,,,,,,,,,,,,h1_2,,,,,,,,,,,,,,,,,,,,,,,,,,,,,,,,,,,,,,,,,,,,,,,,,,,,,,,,,,,,,,,,,,,,,,,,,,,,,,,,,,,,,,,,,,,,,,,,,,,,,,,,,,,,h14_1 h14_2 h14_3,1,1,1,0,0,no,,,h18_2 h18_3 h18_4,0,1,1,1,0,0,0,0,0,0,0,0,0,0,0,0,0,0,i1_1,i2_1,1,0,0,0,0,i3_3 i3_5,0,0,1,0,1,0,0,0,0,0,0,0,i4_2 i4_4,0,1,0,1,0,0,0,0,i5_1 i5_3 i5_4,1,0,1,1,0,0,0,0,,,,,,,,,,,,,,j1_2 j1_3,0,1,1,0,0,0,0,0,0,0,0,0,0,0,0,j2_2,,j4_2,,,,,,,,,,,,,j6_1,j7_4,0,0,0,1,0,0,0,0,0,0,0,0,0,0,0,0,j8_4,,,,,j10_1,k1_2,,,,,,,,,,,,,,l1_3,,,,,,,,,,,,,,,,,,,,,,,,,,,,,,,,,,,,,,,,,,,,,,,,,,no,,,,,,,,,,,,,,,,,,,,,,,,,,,,,,,,,l12_2,l13_2,,,l16_2 l16_5 l16_6,0,1,0,0,1,1,0,0,0,0,0,0,0,0,0,Yemen MCLA 2019 DRAFT v1- 2019-06-23,59279436,a53ecfc7-5447-42e3-8062-32ab7bc61c4f,2019-06-23T10:12:01,,7
2019-06-23T12:50:48.532+03,2019-06-23T13:11:51.106+03,2019-06-23,867241039279478,a1_5,25,2501,250123,25012326800,Rty,2019-06-23,09:51:00.000+02,19:47:00.000+02,a7_2,no,b2_yemeni,,1952,1,67,b4_4,8,yes,,8,2,0,0,0,0,0,,yes,,8,,,,,,,,,,,,,,,,,,,,,,,,,,,,,,,,,,,,,c8_1 c8_2,1,1,0,0,0,0,0,0,0,c9_10_2,c9_10_1,,d1_3,d1_6,d1_2,d2_2 d2_3,0,1,1,0,0,0,0,,e1b_2,e1c_1,e1d_3,e2_2,,e4_1 e4_2,1,1,0,0,0,0,0,e5_1 e5_2,1,1,0,e6_2,,,,,,,,,,,,,,e8_4,,,f1_3,0,0,1,0,,,,f2d_2,f3_3,f4_4,0,0,0,1,0,0,8,f6_6,4580,f8_1 f8_2 f8_5,1,1,0,0,1,0,0,0,0,0,0,f9_2,f10_1 f10_2,1,1,0,0,0,0,0,0,0,f11_1 f11_3 f11_4 f11_5 f11_6 f11_7 f11_8,1,0,1,1,1,1,1,1,0,f12_2,f13_3,f14_2,f15_4,g1_1,g2_1 g2_2 g2_4 g2_5,1,1,0,1,1,0,0,0,0,0,0,0,0,0,g3_1 g3_2 g3_4,1,1,0,1,0,0,0,0,0,0,0,0,0,0,0,0,0,g4_1 g4_2 g4_4,1,1,0,1,0,0,0,0,0,0,0,0,0,0,0,0,0,0,g5_3,g6_2,,,,,,,,h1_1,h2_1 h2_2 h2_4,1,1,0,1,0,0,0,0,0,0,0,0,0,0,0,0,0,0,0,0,0,0,h3_3,,,,,,,,,,,,,,,,,,,,,,,,,,,,,,,,,,,,,,,,,,,,,,h7_2,,h9_1,h10_1 h10_3 h10_4,1,0,1,1,0,0,0,0,0,0,0,0,0,0,0,0,0,0,0,h11_2,h12_1 h12_3,1,0,1,0,0,0,0,0,0,0,0,0,h13_2,h14_1 h14_2,1,1,0,0,0,no,,,h18_1 h18_4,1,0,0,1,0,0,0,0,0,0,0,0,0,0,0,0,0,0,i1_3,,,,,,,,,,,,,,,,,,,,,,,,,,,,,,,,,,,,,,,,,,,,,,,,,,,j1_1 j1_2 j1_3,1,1,1,0,0,0,0,0,0,0,0,0,0,0,0,j2_3,,j4_1,j5_1 j5_2,1,1,0,0,0,0,0,0,0,0,0,j6_4,,,,,,,,,,,,,,,,,,j8_1,,j9_2,j9_8,j9_6,j10_2,k1_3,,,,,,,,,,,,,,l1_4,,,,,,,,,,,,,,,,,,,,,,,,,,,,,,,,,,,,,,,,,,,,,,,,,,yes,l10_3 l10_4 l10_5 l10_6 l10_7,0,0,1,1,1,1,1,0,0,0,0,0,0,0,0,0,0,0,0,0,,l11_1 l11_2 l11_3 l11_4 l11_5,1,1,1,1,1,0,0,0,0,l12_9,l13_2,,,l16_1 l16_7 l16_8,1,0,0,0,0,0,1,1,0,0,0,0,0,0,0,Yemen MCLA 2019 DRAFT v1- 2019-06-23,59279439,512cf051-4f7d-4569-8e65-bb9eca401d40,2019-06-23T10:12:02,,8
2019-06-23T11:48:07.198+03,2019-06-23T13:12:24.779+03,2019-06-23,867241039279478,a1_2,21,2116,211622,21162223400,Dbf,2019-06-23,13:48:00.000+02,13:48:00.000+02,a7_2,no,b2_somali,,1975,1,44,b4_6,2,yes,,2,1,0,0,0,0,0,,no,1,2,,,,,,,c3_2,,c4_1,1,c6_2 c6_3,0,1,1,0,0,0,0,0,0,0,0,0,0,c7_3 c7_5 c7_7,0,0,1,0,1,0,1,0,0,0,0,c8_2 c8_3 c8_4,0,1,1,1,0,0,0,0,0,c9_10_4,c9_10_6,,d1_11,d1_12,d1_2,d2_2 d2_4 d2_5,0,1,0,1,1,0,0,,e1b_5,,,,,e4_1 e4_2 e4_3,1,1,1,0,0,0,0,e5_1 e5_2,1,1,0,e6_3,,,,,,,,,,,,,,e8_1,,e10_5,f1_1 f1_2,1,1,0,0,f2a_2,f2b_3,f2c_1,,f3_3,f4_4,0,0,0,1,0,0,,f6_4,1280,f8_2 f8_4 f8_6,0,1,0,1,0,1,0,0,0,0,0,f9_3,f10_2 f10_4,0,1,0,1,0,0,0,0,0,f11_2 f11_3 f11_5,0,1,1,0,1,0,0,0,0,f12_3,,f14_1,f15_5,g1_2,,,,,,,,,,,,,,,,,,,,,,,,,,,,,,,,,,,,,,,,,,,,,,,,,,,,,g5_4,g6_1,,,,,,,,h1_2,,,,,,,,,,,,,,,,,,,,,,,,,,,,,,,,,,,,,,,,,,,,,,,,,,,,,,,,,,,,,,,,,,,,,,,,,,,,,,,,,,,,,,,,,,,,,,,,,,,,,,,,,,,,h14_1 h14_2,1,1,0,0,0,no,,,h18_1 h18_3,1,0,1,0,0,0,0,0,0,0,0,0,0,0,0,0,0,0,i1_3,,,,,,,,,,,,,,,,,,,,,,,,,,,,,,,,,,,,,,,,,,,,,,,,,,,j1_4,0,0,0,1,0,0,0,0,0,0,0,0,0,0,0,,,j4_3,,,,,,,,,,,,,j6_2,,,,,,,,,,,,,,,,,,j8_3,,,,,j10_2,k1_1,k2_3,0,0,1,0,0,k3_2,k4_1,1,0,0,0,0,l1_2,,,,,,,,,,,,,,,,,,,,,,,,,,,,,,,,,,,,,,,,,,,,,,,,,,no,,,,,,,,,,,,,,,,,,,,,,,,,,,,,,,,,l12_3,l13_2,,,l16_1 l16_2 l16_7,1,1,0,0,0,0,1,0,0,0,0,0,0,0,0,Yemen MCLA 2019 DRAFT v1- 2019-06-23,59279481,40004d38-3737-4cbe-a4f3-c2f8630e5106,2019-06-23T10:12:33,,9
2019-06-23T12:29:02.737+03,2019-06-23T13:12:40.320+03,2019-06-23,867241039279478,a1_4,23,2301,230121,23012113000,Hgx,2019-06-23,12:30:00.000+02,12:30:00.000+02,a7_2,yes,b2_djiboutian,,1991,1,28,b4_2,2,no,,2,1,0,0,0,0,0,,no,1,2,,,,,,,c3_3,,c4_1,1,c6_1 c6_2,1,1,0,0,0,0,0,0,0,0,0,0,0,c7_2 c7_3,0,1,1,0,0,0,0,0,0,0,0,c8_3 c8_4,0,0,1,1,0,0,0,0,0,c9_10_1,c9_10_4,,d1_9,d1_4,d1_11,d2_1 d2_2 d2_3,1,1,1,0,0,0,0,,e1b_4,e1c_1,e1d_4,,,e4_2 e4_3,0,1,1,0,0,0,0,e5_1 e5_2,1,1,0,e6_2,,,,,,,,,,,,,,e8_1,,e10_2,f1_1 f1_2,1,1,0,0,f2a_3,f2b_3,f2c_1,,f3_5,f4_1 f4_2,1,1,0,0,0,0,,f6_2,1254,f8_1 f8_2 f8_4,1,1,0,1,0,0,0,0,0,0,0,f9_2,f10_2 f10_3,0,1,1,0,0,0,0,0,0,f11_1 f11_3 f11_4,1,0,1,1,0,0,0,0,0,f12_3,,f14_1,f15_3,g1_2,,,,,,,,,,,,,,,,,,,,,,,,,,,,,,,,,,,,,,,,,,,,,,,,,,,,,g5_2,g6_1,,,,,,,,h1_1,h2_1 h2_2 h2_3,1,1,1,0,0,0,0,0,0,0,0,0,0,0,0,0,0,0,0,0,0,0,h3_2,,,,,,,,,,,,,,,,,,,,,,,,,,,,,,,,,,,,,,,,,,,,,,,,,,,,,,,,,,,,,,,,,,,,,,,,,,,,,,,,,,,,,,,,,,no,,,h18_2 h18_3 h18_4,0,1,1,1,0,0,0,0,0,0,0,0,0,0,0,0,0,0,i1_3,,,,,,,,,,,,,,,,,,,,,,,,,,,,,,,,,,,,,,,,,,,,,,,,,,,j1_1 j1_2 j1_3,1,1,1,0,0,0,0,0,0,0,0,0,0,0,0,j2_2,,j4_3,,,,,,,,,,,,,j6_1,j7_2 j7_3,0,1,1,0,0,0,0,0,0,0,0,0,0,0,0,0,j8_2,,,,,j10_1,k1_3,,,,,,,,,,,,,,l1_2,,,,,,,,,,,,,,,,,,,,,,,,,,,,,,,,,,,,,,,,,,,,,,,,,,yes,l10_2 l10_3 l10_4 l10_5 l10_6,0,1,1,1,1,1,0,0,0,0,0,0,0,0,0,0,0,0,0,0,,l11_2 l11_4 l11_5,0,1,0,1,1,0,0,0,0,l12_1,l13_3,,,l16_1,1,0,0,0,0,0,0,0,0,0,0,0,0,0,0,Yemen MCLA 2019 DRAFT v1- 2019-06-23,59279493,8ce8b051-cbed-4bfa-a2ec-b26330182960,2019-06-23T10:12:48,,10
2019-06-23T09:55:35.979+03,2019-06-23T14:14:13.883+03,2019-06-23,869053043402352,a1_2,12,1209,120921,12092113500,21,2019-06-23,10:12:00.000+03,11:12:00.000+03,a7_2,yes,b2_ethiopian,,1990,4,29,b4_1,6,yes,,6,3,1,0,0,0,0,,no,1,6,,,,,,,c3_1,,c4_2,24,c6_1 c6_8 c6_9,1,0,0,0,0,0,0,1,1,0,0,0,0,c7_3 c7_4,0,0,1,1,0,0,0,0,0,0,0,c8_1 c8_5 c8_7,1,0,0,0,1,0,0,0,1,c9_10_3,c9_10_4,,d1_12,d1_19,,d2_5 d2_6,0,0,0,0,1,1,0,,e1b_3,,,,,e4_1 e4_2 e4_3 e4_5 e4_6 e4_7,1,1,1,0,1,1,1,e5_1 e5_2,1,1,0,e6_2,,,,,,,,,,,,,,e8_4,,e10_2,f1_1 f1_2 f1_3,1,1,1,0,f2a_2,f2b_3,f2c_2,f2d_3,f3_2,f4_1 f4_2,1,1,0,0,0,0,2,f6_2,4000,f8_3 f8_7 f8_9,0,0,1,0,0,0,1,0,1,0,0,f9_1,,,,,,,,,,,f11_1 f11_2 f11_3,1,1,1,0,0,0,0,0,0,f12_2,f13_4,f14_1,f15_8,g1_1,g2_7 g2_8,0,0,0,0,0,0,1,1,0,0,0,0,0,0,g3_1 g3_6,1,0,0,0,0,1,0,0,0,0,0,0,0,0,0,0,0,g4_11 g4_14,0,0,0,0,0,0,0,0,0,0,1,0,0,1,0,0,0,0,g5_1,g6_3,g7_1 g7_2,1,1,0,0,0,0,h1_1,h2_11,0,0,0,0,0,0,0,0,1,0,0,0,0,0,0,0,0,0,0,0,0,0,h3_1,h4_8,0,0,0,0,0,0,0,1,0,0,h5_6_13,0,0,0,0,0,0,0,0,0,0,0,0,1,0,0,0,h5_6_1,1,0,0,0,0,0,0,0,0,0,0,0,0,0,0,0,h7_1,9999,h9_2,,,,,,,,,,,,,,,,,,,,,h11_2,h12_1 h12_2 h12_3,1,1,1,0,0,0,0,0,0,0,0,0,h13_2,h14_2,0,1,0,0,0,yes,h16_3,0,h18_3 h18_4 h18_11 h18_13 h18_17 h18_18,0,0,1,1,0,0,0,0,0,0,1,0,1,1,0,0,0,1,i1_1,i2_1 i2_2,1,1,0,0,0,i3_1 i3_2 i3_3 i3_4 i3_5 i3_6 i3_7 i3_8 i3_12,1,1,1,1,1,1,1,1,0,0,0,1,i4_1 i4_2 i4_3 i4_4 i4_5,1,1,1,1,1,0,0,0,i5_1 i5_2 i5_3,1,1,1,0,0,0,0,0,i6_1 i6_2,1,1,0,0,0,0,0,,,,,,j1_1 j1_5 j1_6,1,0,0,0,1,1,0,0,0,0,0,0,0,0,0,j2_1,j3_3,j4_1,j5_1 j5_2 j5_3,1,1,1,0,0,0,0,0,0,0,0,j6_1,j7_1 j7_2 j7_3 j7_4 j7_5 j7_11,1,1,1,1,1,0,0,0,0,0,1,0,0,0,0,0,j8_1,,j9_1,j9_2,j9_5,j10_9,k1_1,k2_1,1,0,0,0,0,k3_2,k4_1,1,0,0,0,0,l1_1,l2_1 l2_2 l2_3 l2_4,1,1,1,1,0,0,0,0,0,0,0,0,0,0,0,0,0,0,0,l3_1 l3_2,1,1,0,0,0,0,0,0,0,0,l4_2,l5_3,0,0,1,0,0,0,0,0,0,0,0,0,0,l6_1,yes,,yes,l10_6,0,0,0,0,0,1,0,0,0,0,0,0,0,0,0,0,0,0,0,0,,l11_3,0,0,1,0,0,0,0,0,0,l12_2,l13_1,no,no,,,,,,,,,,,,,,,,,Yemen MCLA 2019 DRAFT v1- 2019-06-23,59288337,d99dc8b4-1dfb-4a49-8e53-dae37dc856dc,2019-06-23T11:14:32,,11
2019-06-23T14:16:24.616+03,2019-06-23T15:45:46.608+03,2019-06-23,869053043402352,a1_3,12,1209,120921,12092113500,23,2019-06-23,16:16:00.000+02,17:16:00.000+02,a7_2,yes,b2_yemeni,,1950,6,69,b4_4,1,no,,2,0,1,0,0,0,0,,yes,,2,c1_1,,24,2402,240221,24022100102,,,,36,c6_2,0,1,0,0,0,0,0,0,0,0,0,0,0,c7_5,0,0,0,0,1,0,0,0,0,0,0,c8_3,0,0,1,0,0,0,0,0,0,c9_10_1,c9_10_1,,d1_1,d1_2,d1_3,d2_1,1,0,0,0,0,0,0,yes,e1b_2,e1c_1,e1d_2,e2_3,,e4_1 e4_2 e4_3,1,1,1,0,0,0,0,e5_1,1,0,0,e6_1,,,,,,,,,,,,,,e8_1,e9_3,e10_6,f1_1 f1_2 f1_3,1,1,1,0,f2a_2,f2b_2,f2c_2,f2d_2,f3_3,f4_2,0,1,0,0,0,0,1,f6_2,308,f8_7 f8_8 f8_9,0,0,0,0,0,0,1,1,1,0,0,f9_1,,,,,,,,,,,f11_1 f11_2 f11_3 f11_8,1,1,1,0,0,0,0,1,0,f12_1,f13_2,f14_2,f15_2,,,,,,,,,,,,,,,,,,,,,,,,,,,,,,,,,,,,,,,,,,,,,,,,,,,,,,,,,,,,,,,h1_1,h2_13,0,0,0,0,0,0,0,0,0,0,1,0,0,0,0,0,0,0,0,0,0,0,h3_1,h4_1,1,0,0,0,0,0,0,0,0,0,h5_6_6,0,0,0,0,0,1,0,0,0,0,0,0,0,0,0,0,h5_6_15,0,0,0,0,0,0,0,0,0,0,0,0,0,0,1,0,h7_2,,h9_1,h10_5,0,0,0,0,1,0,0,0,0,0,0,0,0,0,0,0,0,0,0,h11_3,,,,,,,,,,,,,,h13_2,h14_2,0,1,0,0,0,no,,,h18_3,0,0,1,0,0,0,0,0,0,0,0,0,0,0,0,0,0,0,i1_2,,,,,,,,,,,,,,,,,,,,,,,,,,,,,,,,,,,,,,,,,,,,,,,,,,,j1_4 j1_5,0,0,0,1,1,0,0,0,0,0,0,0,0,0,0,,,j4_1,j5_3 j5_4 j5_5,0,0,1,1,1,0,0,0,0,0,0,j6_1,j7_1 j7_2 j7_3 j7_4 j7_5,1,1,1,1,1,0,0,0,0,0,0,0,0,0,0,0,j8_2,,,,,j10_4,k1_1,k2_1,1,0,0,0,0,k3_1,k4_1,1,0,0,0,0,l1_1,l2_1 l2_2 l2_3 l2_5,1,1,1,0,1,0,0,0,0,0,0,0,0,0,0,0,0,0,0,l3_2 l3_3,0,1,1,0,0,0,0,0,0,0,l4_2,l5_3,0,0,1,0,0,0,0,0,0,0,0,0,0,l6_1,no,,no,,,,,,,,,,,,,,,,,,,,,,,,,,,,,,,,,l12_3,l13_2,,,l16_5,0,0,0,0,1,0,0,0,0,0,0,0,0,0,0,Yemen MCLA 2019 DRAFT v1- 2019-06-23,59297692,634e11a0-2c17-4bb7-8a8e-119bb553587a,2019-06-23T12:46:03,,12
