list_name,name,label::English,label::Arabic,Haneen's comments,populationFilter
searchoption,matches,Matches,Matches,,
governorate,governorate_pcode,governorate,governorate,,
district,district_pcode,district,district,,
subdistrict,subdistrict_pcode,subdistrict,subdistrict,,
place,place_key,place,place,,
yesno,yes,Yes,???,,
yesno,no,No,??,,
gender,male,Male,???,,
gender,female,Female,????,,
a1_list,a1_1,Non-displaced,??? ??????,,
a1_list,a1_2,Refugees,??????,,
a1_list,a1_3,IDPs,?????? ???????,,
a1_list,a1_4,Migrants,???????,,
a1_list,a1_5,Returnees,??????,,
a7_list,a7_1,Remote Interview,?????? ?? ???,,
a7_list,a7_2,Face to Face Interview,????? ????,,
b2_list,b2_yemeni,Yemeni,????,,a1_1
b2_list,b2_djiboutian,Djiboutian,??????,,a1_1
b2_list,b2_somali,Somali,??????,,a1_1
b2_list,b2_ethiopian  ,Ethiopian  ,??????,,a1_1
b2_list,b2_eritrean,Eritrean,??????,,a1_1
b2_list,b2_other,"Other, specify","??? ???, ??? ?????",,a1_1
b2_list,b2_djiboutian,Djiboutian,??????,,a1_2
b2_list,b2_somali,Somali,??????,,a1_2
b2_list,b2_ethiopian  ,Ethiopian  ,??????,,a1_2
b2_list,b2_eritrean,Eritrean,??????,,a1_2
b2_list,b2_other,"Other, specify","??? ???, ??? ?????",,a1_2
b2_list,b2_yemeni,Yemeni,????,,a1_3
b2_list,b2_djiboutian,Djiboutian,??????,,a1_3
b2_list,b2_somali,Somali,??????,,a1_3
b2_list,b2_ethiopian  ,Ethiopian  ,??????,,a1_3
b2_list,b2_eritrean,Eritrean,??????,,a1_3
b2_list,b2_other,"Other, specify","??? ???, ??? ?????",,a1_3
b2_list,b2_djiboutian,Djiboutian,??????,,a1_4
b2_list,b2_somali,Somali,??????,,a1_4
b2_list,b2_ethiopian  ,Ethiopian  ,??????,,a1_4
b2_list,b2_eritrean,Eritrean,??????,,a1_4
b2_list,b2_other,"Other, specify","??? ???, ??? ?????",,a1_4
b2_list,b2_yemeni,Yemeni,????,,a1_5
b2_list,b2_djiboutian,Djiboutian,??????,,a1_5
b2_list,b2_somali,Somali,??????,,a1_5
b2_list,b2_ethiopian  ,Ethiopian  ,??????,,a1_5
b2_list,b2_eritrean,Eritrean,??????,,a1_5
b2_list,b2_other,"Other, specify","??? ???, ??? ?????",,a1_5
b4_list,b4_1,Married,?????/?????? ,,
b4_list,b4_2,Single,????/?????,,
b4_list,b4_3,Divorced,????/?????,,
b4_list,b4_4,Widowed,????/?????,,
b4_list,b4_5,Separated (legally married but not living with spouse),??????? (??????? ??????? ??????? ????? ?? ?????? ?????),,
b4_list,b4_6,I don’t want to answer,?? ???? ???????,,
b71_rel_list,b71_rel_1,Head,?? ??????,,
b71_rel_list,b71_rel_2,Wife/Husband,?????/??????,,
b71_rel_list,b71_rel_3,Brother/Sister,????/?????,,
b71_rel_list,b71_rel_4,Son/Daughter,????? / ??????,,
b71_rel_list,b71_rel_5,Parent,??? ????????,,
b71_rel_list,b71_rel_6,Grandchild,????/?????,,
b71_rel_list,b71_rel_7,Nephew/nice,??? ?? ???? ???? ?? ????? ,,
b71_rel_list,b71_rel_8,Parent in law,???? ?? ????? ????? ?? ??????,,
b71_rel_list,b71_rel_9,Son/Daughter-in law,??? ?????? ?? ???? ????? ,,
b71_rel_list,b71_rel_10,Brother/Sister-in law,?? ?? ??? ????? ?? ??????,,
b71_rel_list,b71_rel_11,Other,??? ??? ,,
b71_mar_list,b71_mar_1,Married,?????,,
b71_mar_list,b71_mar_2,Single,????,,
b71_mar_list,b71_mar_3,Widow,????,,
b71_mar_list,b71_mar_4,Divorced,????,,
b71_mar_list,b71_mar_5,Separated,?????,,
b71_enr_list,b71_enr_1,Yes,???,,
b71_enr_list,b71_enr_2,"Yes, but attended irregularly",???? ????? ??? ?? ????,?? ???? ???? ?????,
b71_enr_list,b71_enr_3,No,??,?? ??? ???? ,
b71_edu_list,b71_edu_1,Basic school (ages 6-14),??????? ??????? (??????? ?? 6 – 14),,
b71_edu_list,b71_edu_2,Secondary school (ages 15-17),??????? ??????? (??????? ?? 15 – 17),,
b71_edu_list,b71_edu_3,University degree,???? ?????????,,
b71_edu_list,b71_edu_4,Masters degree,???? ???????,,
b71_edu_list,b71_edu_5,Ph.D.,???? ?????????,,
b71_edu_list,b71_edu_6,Medical degree,???? ?? ????,,
b71_edu_list,b71_edu_7,Vocational training/certificate,????? ?? ????? ?????,,
b71_edu_list,b71_edu_8,No formal education,????? ??? ?????,,
b71_inc_list,b71_inc_1,"Yes, regularly",???? ???? ?????,,
b71_inc_list,b71_inc_2,"Yes, occasionally ",???? ???????,,
b71_inc_list,b71_inc_3,No,??,,
b71_emp_list,b71_emp_1,Agriculture,???????,,
b71_emp_list,b71_emp_2,Mining,???????,,
b71_emp_list,b71_emp_3,Manufacturing,???????,,
b71_emp_list,b71_emp_4,Industry,???????,,
b71_emp_list,b71_emp_5,Trade,???????,,
b71_emp_list,b71_emp_6,Finance/ Insurance,???????/ ???????,,
b71_emp_list,b71_emp_7,Public/ security/ official,???? ??? / ?????/ ????? ,,
b71_emp_list,b71_emp_8,Construction,????? ????,??? ??????? ?? ?????? ???????,
b71_emp_list,b71_emp_9,"Service industry (janirtor, waiter, etc.)",????? ??????? (janirtor ? ?????? ? ??? ??? ???),,
b71_emp_list,b71_emp_10,"Vocational (electrician, plumber)",???? (??????? ? ????),,
b71_emp_list,b71_emp_11,"Teacher, lawyer, doctor, engineer",???? ? ????? ? ???? ? ?????,,
b71_emp_list,b71_emp_12,Taxi or truck driver,???? ????? ?? ???? ?????,???? ???? ???? ??????? ??? ?????,
b72_dif_list,b71_dif_1,No difficulty,?? ?????,,
b72_dif_list,b71_dif_2,Some difficulty,??? ???????,,
b72_dif_list,b71_dif_3,A lot of difficulty,????? ?????,,
b72_dif_list,b71_dif_4,Cannot do at all,?? ?????? ??? ??? ?????,,
b10_rel_list,b71_rel_1,Head ,?? ??????,,
b10_rel_list,b71_rel_2,Wife/Husband,?????/??????,,
b10_rel_list,b71_rel_3,Brother/Sister,????/?????,,
b10_rel_list,b71_rel_4,Son/Daughter,????? / ??????,,
b10_rel_list,b71_rel_5,Parent,??? ????????,,
b10_rel_list,b71_rel_6,Grandchild,????/?????,,
b10_rel_list,b71_rel_7,Nephew/nice,??? ?? ???? ???? ?? ????? ,,
b10_rel_list,b71_rel_8,Parent in law,???? ?? ????? ????? ?? ??????,,
b10_rel_list,b71_rel_9,Son/Daughter-in law,??? ?????? ?? ???? ????? ,,
b10_rel_list,b71_rel_10,Brother/Sister-in law,?? ?? ??? ????? ?? ??????,,
b10_liv_list,b71_liv_1,Away for school,??? ?????,,
b10_liv_list,b71_liv_2,Away receiving medical treatment,??? ??????,,
b10_liv_list,b71_liv_3,Displaced,????,????,
b10_liv_list,b71_liv_4,Vacation,?? ????? ,"?? ???? ??????? ???? ???????? ?????? :
???? ?? ??? ?????
???? ????? ????? ?? ????? ????? 
????? ?? ????????",
b10_liv_list,b71_liv_5,Left Yemen,???? ?????,,
b10_liv_list,b10_other,Other (please specify),???? (??????),,
c1_list,c1_1,Once or Twice,???,???????? ?? ?????? ?? ????? ??? ??? ??????? ????? ?? ???? ??????,
c1_list,c1_2,Three times,?????,,
c1_list,c1_3,More than three times,3????,,
c1_list,c1_4,I do not want to answer,???? ?? ???? ????,,
c1_list,c1_5,I do not know,?? ???? ?? ????,,
c3_list,c3_1,Al-Aarah,??????,,
c3_list,c3_2,Al-Khabyah,??????,,
c3_list,c3_3,Ber Ali,??? ???,,
c3_list,c3_4,Eyn Bamabad,??? ??????,,
c3_list,c3_5,Manfath Al-Wadeeah,???? ???????,,
c3_list,c3_6,Tajamo Sharj Al-Falahein,???? ??? ????????,,
c3_list,c3_7,Other,??? ???,,
c4_list,c4_1,Once,???,,
c4_list,c4_2,Twice,?????,,
c4_list,c4_3,Three times,3????,,
c4_list,c4_4,More than three times,???? ?? ???? ????,,
c4_list,c4_5,I do not want to answer,?? ???? ?? ????,,
c4_list,c4_6,I do not know,?? ????,,
c6_list,c6_1,"Generalized violence and armed conflict, but no direct personal threat/attack (airstrikes, unexploded ordinance, cluster munitions)",????? ???????? ??????? ?????? ??? ??? ???? ?? ????? ?? ???? (????? ????? ????? ?? ?????? ????? ???????),,
c6_list,c6_2,"Direct threat of violence/harm to household members, but no physical attack",??????? ??????? ?????? ?? ????? ?? ???? ??????? ???? ?????? ????,,
c6_list,c6_3,Household members attacked/killed in generalized violence or armed conflict,???? ?? ?????? ??? ????? ?? ?????? ???? ????? ??????? ?? ?????? ??????,,
c6_list,c6_4,Direct threat of abuse committed against self or family,????? ????? ?????? ?? ????? ???? ?? ???????,,
c6_list,c6_5,House/property damaged or destroyed due to conflict,???? ?? ???? ?????? ?? ??????? ???? ????? ?? ?????? ??????,,
c6_list,c6_6,Evacuated/displaced/relocated by authorities for protection,?? ??????? ?? ????? ?? ?? ????? ??????? ?????? ??????? ???????,,
c6_list,c6_7,Evicted from property ,?? ??????? ????? ?? ??????,,
c6_list,c6_8,Lack of access to basic services (education or health care),??? ?????? ??? ??????? ???????? (??????? ?? ??????? ??????),,
c6_list,c6_9,"Lack of access to basic commodities (food, water, fuel)",??? ?????? ??? ????? ???????? (?????? ?????? ???????),,
c6_list,c6_10,Lack of employment/livelihood options,??? ???? ????? ?? ???? ?????,,
c6_list,c6_11,Natural disaster (e.g. flooding),????? ?????? (??? ?????????),,
c6_list,c6_12,I don’t know,?? ????,,
c6_list,c6_13,I don’t want to answer,?? ???? ?? ????,,
c7_list,c7_1,Arrest,????????,,
c7_list,c7_2,Detention,????????,,
c7_list,c7_3,Harassment,?????????,,
c7_list,c7_4,Confiscation of ID,?????? ???????,,
c7_list,c7_5,Confiscation of assets,?????? ???????,,
c7_list,c7_6,Asked for bribery to avoid arrest/detention,??? ????? ????? ???????? ?????????,,
c7_list,c7_7,Movement restriction,???? ??? ??????,,
c7_list,c7_8,Deportation,???????,,
c7_list,c7_9,I don’t know,?? ????,,
c7_list,c7_10,I don’t want to answer,?? ???? ?? ????,,
c8_list,c8_1,Provision of humanitarian assistance,?????? ????????? ?????????,,a1_1
c8_list,c8_2,Affordable accommodation costs,?????? ??? ??????,,a1_1
c8_list,c8_3,Availability of basic services,????? ??????? ????????,,a1_1
c8_list,c8_4,Availability of livelihood (source of income) opportunities,????? ??? ???? ??????? (????? ?????),,a1_1
c8_list,c8_5,Security,?????,,a1_1
c8_list,c8_6,Presence of family or friends,???? ??????? ?????????,,a1_1
c8_list,c8_8,I don’t know,?? ????,,a1_1
c8_list,c8_9,I don’t want to answer,?? ???? ?? ????,,a1_1
c9_10_list,c9_10_1,"Remain here, voluntarily",?????? ???? ??????,,
c9_10_list,c9_10_2,"Remain here, involuntarily (there is no alternative)",?????? ???? ???? ??? ????? ???? ?? ???? ?????? ????,,
c9_10_list,c9_10_3,Move to another location within Yemen,???????? ??? ???? ??? ???? ?????,,
c9_10_list,c9_10_4,Return to your place of origin,?????? ??? ?????? ?????? (???? ????? ???),,
c9_10_list,c9_10_5,Move to another country,?????? ??? ???? ????,,
c9_10_list,c9_10_6,Depends on situation,??? ????? ??? ?????,,
c9_10_list,c9_10_7,I don’t know,?? ????,,
c9_10_list,c9_10_8,I don’t want to answer, ?? ???? ???????,,
d1_list,d1_1,Food,??????,,
d1_list,d1_2,Drinking water,???? ?????,,
d1_list,d1_3,Sanitation (e.g. latrines),????? ????? (??? ????????),,
d1_list,d1_4,Hygiene items (e.g. soap),???? ??????? ??????? (??? ????? ?????),,
d1_list,d1_5,Healthcare/medication,??????? ?????? ?? ???????,,
d1_list,d1_6,Livelihoods / job opportunities,??? ????? / ??? ?????,,
d1_list,d1_7,Cash assistance,?????? ?????,,
d1_list,d1_8,Winterization Cash Grant,???? ????? ????????? ??????,,
d1_list,d1_9,Education for children,????? ???????,,
d1_list,d1_10,Education for adults,????? ????????,,
d1_list,d1_11,Shelter/housing / cash grants to rehabilitate damaged houses / maintenance support,???? ?? ???? / ??? ?????  ?????? ????? ??????? ???????? / ??? ????????  ,,
d1_list,d1_12,"Household NFIs (mattresses, blankets, mosquito nets, etc)",???? ?????? ??? ???????? (?????? ?? ??????? ?? ???????? ??? ...),,
d1_list,d1_13,Cooking stove and fuel,??? ????? ???? ???,,
d1_list,d1_14,Emergency Shelter Kit,????? ????? ???????,,
d1_list,d1_15,Documentation,??????? ???????,,
d1_list,d1_16,"Protection support services (legal assistance, psychological support, protection of children, protection against violence)",????? ????? ???????? (??????? ?????????? ????? ??????? ????? ???????? ??????? ?? ?????),,
d1_list,d1_17,Safe and dignified return to country of origin (only for refugee and migrants),???? ???? ????? ??????? ??? ????? ????? (??? ??????? ??????????),,
d1_list,d1_18,I don’t know,?? ????,,
d1_list,d1_19,I don’t want to answer,?? ???? ???????,,
d2_list,d2_1,"Any member of the HH own electronic gadget (radio, phone, TV)", ????? ?? ??? ?? ????? ?????? ?????? ?????????? (????? ?? ???? ?? ???????),,
d2_list,d2_2,"Any member of the HH has a functional means of transport (motorcycle, car, bicycle)",????? ?? ??? ?? ????? ?????? ????? ??????? ????? (????? ????? ?? ????? ?? ????? ??????),,
d2_list,d2_3,At least one member of the HH has vocational / apprenticeship / professional skills,?????? ??? ????? ?????? ??? ?????? ????? ???? / ???? ????? ?? ?????? ??/ ?????? ????? ????  ,,
d2_list,d2_4,"At least one member of the HH has formal employment, is self-employed or has a business",??? ????? ?????? ??? ????? ???? ????? ????? ?? ???? ?? ???? ?????? ?? ???? ???? ?????,,
d2_list,d2_5,At least one member of the HH has access to savings,??? ????? ??????? ??? ?????? ???? ??????,,
d2_list,d2_6,HH has access to land for agriculture,?????? ????? ?????? ?????? ??? ??? ?? ???????,,
d2_list,d2_7,None of the above statements apply to the household,?? ????? ?? ?? ???????? ????? ??? ??????,,
e1b_list,e1b_1,No shelter (Not residing inside a site and/or housing structure),?? ???? (?? ?????? ???? ???? ?? ????? ??????),,
e1b_list,e1b_2,House or apartment,???? ???? ?? ??? ?????,???? ?? ???,
e1b_list,e1b_3,"Makeshift shelter – typically built from waste and temporary materials (tarpaulins, cardboard, blankets, metal sheeting, tarps, etc.)",???? ???? - ???? ????? ?? ??? ??????? ????? ?????? ??????? (??????? ??????????? (???????)? ???????? ?????????? ??????? ???????? (?????)  ???,,
e1b_list,e1b_4,"Public building (school, station, religious buildings, etc.)",???? ????? ??? (????? ?? ???? ?? ???? ???),,
e1b_list,e1b_5,Emergency shelter – a portable shelter with a cover and a structure,???? ??????? – ???? ????? ???? ????? ?????? ?????,,
e1b_list,e1b_6,Hotel,????,,
e1c_list,e1c_1,"Finished building – a building which is completed (with walls and roof) and composite of all building components (windows, doors, plumbing, etc.)",???? ????? – ???? ????? ??? ???? ????? ??????? (????? ? ????? ?????? ??? ...),,
e1c_list,e1c_2,"Unfinished building – a building which has more than its frame, but is still missing elements (i.e. doors, windows, lighting, plumbing, walls, etc.)",???? ??? ????? – ?????? ???? ?????? ??? ???? ?? ???? ??????? ??? ????? ??? ??????? (??? ??????? ???????? ???????? ???????? ????????),,
e1c_list,e1c_3,"Skeleton – a building which has a solid frame (concrete, steel, etc.) but no other elements",???? ???? – ?????? ???? ???? ???? ??? (?? ?????? ?? ??????? ???) ????? ?? ????? ??? ????? ?????? ??????.,,
e1d_list,e1d_1,Fully destroyed (Housing unit is totally in rubble or where at least 50% of the structure of the shelter has incurred severe damage and cannot be repaired),???? ????? (????? ?????? ??????? ?????? ?? ??? ????? 50% ?? ??????? ???? ???? ???? ??? ???? ??????),,
e1d_list,e1d_2,Partial damage (Housing unit where the skeleton incurred damages but part of the shelter is still liveable and can be repaired),???? ?????? (???? ????? ???? ?????? ???? ????? ????? ???? ??????  ????? ????? ??????),,
e1d_list,e1d_3,Minor damage (Housing unit incurred small damages while the house is still adequate for living i.e. bullet hole in the wall or broken window),????? ????? - ????? ?????? ??????? ?????? ?????  ???? ??????  ?????? ????? (??? ????? ?? ?????? ?? ????? ?????? ),,
e1d_list,e1d_4,No damage to the shelter,?? ????? ?????? ??? ?????,,
e2_list,e2_1,"Yes, we live in rental accommodation and capable of making the payment",???? ???? ?? ???? ?????? ???? ?????? ??? ??? ???????,,
e2_list,e2_2,"No, because we are not able to make the rental payment",??? ????? ??? ?????? ??? ??? ???????.,,
e2_list,e2_3,"No, we own the shelter",??? ??? ???? ??? ??????,,
e2_list,e2_4,"No, but we work in exchange for shelter",??? ????? ???? ????? ?????? ?? ??????,,
e2_list,e2_5,I don’t know,?? ????,,
e2_list,e2_6,I don’t want to answer,?? ???? ???????,,
e3_list,e3_1,Yes,???,,
e3_list,e3_2,No,??,,
e3_list,e3_3,I don’t know,?? ????,,
e3_list,e3_4,I don’t want to answer,?? ???? ??????? ,,
e4_list,e4_1,"Access to functional kitchen (all basic equipment required for cooking is available such as kitchen set, cooking stove and fuel)",?????? ??? ???? ???? ????????? (?? ????????? ???????? ?????? ?????? ??????? ??? ????? ?????? ???? ????? ??????),,
e4_list,e4_2,"Access to functional toilet (availability of functional toilet, with doors, locks, water, disposal facilities and hygiene items)",?????? ??? ???? ???? ????????? (????? ???? ???? ????????? ?????? ??????? ???????? ?????? ?????? ?????? ?? ???? ??????? ????? ??????? ???????),,
e4_list,e4_3,Access to adequate water (access to clean and fresh water for drinking or bathing provided in a suitable manner and in sufficient volume),?????? ??? ???? ????? ????????? (????? ???? ????? ????? ????? ?? ????????? ??? ???? ???? ????? ??????? ?????),,
e4_list,e4_4,Appropriate lighting,????? ??????,,
e4_list,e4_5,Adequate floor space,????? ?????? ??????,,
e4_list,e4_6,Adequate number or rooms,??? ????? ?? ?????,,
e4_list,e4_7,Adequate protection against climatic factors,????? ????? ?? ??????? ????????,,
e5_list,e5_1,"External/infrastructure damage (walls, windows, ceiling, etc.)",??? ????? ?? ??? ?? ?????? ??????? (????????? ????????? ?????? ???),,
e5_list,e5_2,"Internal damage (lighting, furniture, etc.)",??? ????? (??????? ?? ?????? ???),,
e5_list,e5_3,"No, there is no damage to our shelter/household",? ??? ??? ???? ?? ??? ?? ?????? ?? ??????,,
e6_list,e6_1,"Yes, our household has access to available and affordable materials in the market to repair the damage",???? ?????? ?????? ?????? ??? ???? ???? ???? ????? ???????,,
e6_list,e6_2,"No, our household has access to available materials in the market but cannot afford them in order to repair the damage",??? ?????? ?????? ?????? ??? ???? ??????? ?? ????? ????? ?? ?????? ??? ????? ??? ??????? ????? ???????.,,
e6_list,e6_3,"No, our household has no access to materials to repair the damage because they are not available in the market",??? ?? ?????? ?????? ?????? ??? ???? ??????? ?? ???? ??????? ????? ??? ?????? ?? ?????.,,
e6_list,e6_4,"No, our household has access to available and affordable materials in the market but no capacity to repair the damage",??? ??? ?????? ?????? ?????? ??? ???? ??????? ???????? ?? ????? ??????? ??? ????? ??? ??? ????? ?????? ??? ????? ???????.,,
e6_list,e6_5,"No, our household has neither access to available nor affordable materials to repair the damage",??? ?? ?????? ?????? ?????? ??? ???? ??????? ???????? ?? ????? ??? ?????? ??? ?????.,,
e6_list,e6_6,I do not know,??? ????,,
e7_list,e7_1,Damage to land/property,????? ?? ????? ?? ??????,,
e7_list,e7_2,Looting of land/property,???? ????? ?? ??????,,
e7_list,e7_3,Property is unlawfully occupied by others,?????? ?????,?????? ???? ???? ??? ?????? ?? ??? ???????,
e7_list,e7_4,Disputed ownership,???? ???? ??? ???????,,
e7_list,e7_5,Rental problems (landlord/tenant issues),????? ?????? ????????(????? ???? ??????? ?? ????????),,
e7_list,e7_6,Landlord refusing to rent to foreigners,???? ?????? ??????? ??????,,
e7_list,e7_7,Lack of documentation,??? ???? ????? ?????,,
e7_list,e7_8,Cannot access/lost access to housing because cannot afford it,?? ???? ?????? ??? ?????? ?? ????? ?????? ??? ?????? ???? ????? ??? ??? ???????,,
e7_list,e7_9,Evictions/threat of evictions,????? ?? ??????? ??????,,
e7_list,e7_10,I do not know,?? ????,,
e7_list,e7_11,I don’t want to answer,?? ???? ???????,,
e7_list,e7_12,None,??? ??? ???,,
e8_list,e8_1,"Yes, they are both available and affordable",???? ???? ?????? ??????? ??????,,
e8_list,e8_2,"Yes, they are available but not affordable",???? ???? ?????? ???? ?? ?????? ??????,,
e8_list,e8_3,"Yes, they are affordable but not always available",???? ???? ?????? ?????? ?????? ???? ?????? ??????,,
e8_list,e8_4,"No, they are not affordable not available in the local market",??? ???? ???? ?????? ??? ?????? ?????? ?? ?????,,
e9_list,e9_1,"Yes, directly",???? ???? ?????,,
e9_list,e9_2,"Yes, through representation",???? ?? ???? ???????,,
e9_list,e9_3,No,??,,
e10_list,e10_1,Local integration,????? ?? ??????? ??????,,
e10_list,e10_2,Resettlement,????? ???????,,
e10_list,e10_3,Assisted spontaneous return,???????? ??? ?????? ???????,,
e10_list,e10_4,Voluntary repatriation,?????? ??????? ??? ?????,,
e10_list,e10_5,Voluntary humanitarian return,?????? ??????? ?????????,,
e10_list,e10_6,I don’t know,?? ????,,
e10_list,e10_7,I don’t want to answer,?? ???? ???????,,
e10_list,e10_8,None,?? ????,,
f1_list,f1_1,Household toilet,????? ??? ????????,,
f1_list,f1_2,Handwashing facility,????? ???? ??????,,
f1_list,f1_3,Containers used for storage and collection,????? ?????? ???? ?????? ??????,,
f1_list,f1_4,No,?? ????,,
f2a_list,f2a_1,Soap only,???? ????? ???,,
f2a_list,f2a_2,Water only,???? ???? ???,,
f2a_list,f2a_3,Both soap and water,???? ???? ?????? ????,,
f2a_list,f2a_4,No water and soap,?? ???? ?????? ?? ???????,,
f2b_list,f2b_1,Flush latrine to the open,????? ??? ??????,,
f2b_list,f2b_2,Flush latrine to a tank/sewer system/pit, ????? ??? ??? ????? ?? ???? ????? ?? ????,,
f2b_list,f2b_3,Pit latrine-covered/with slab,????? ???? ?? ????,,
f2b_list,f2b_4,Pit latrine-open/without slab,????? ???? ???? ????,,
f2c_list,f2c_1,Not functional and dirty,??? ???? ????????? ???? ????,,
f2c_list,f2c_2,Functional but dirty,???? ????????? ???? ??? ????,,
f2c_list,f2c_3,Clean and functional,???? ????????? ?????,,
f2d_list,f2d_1,Containers are clean and sealed/ covered,??????? ????? ?????? ?? ?????,,
f2d_list,f2d_2,Containers are clean but NOT sealed/ covered,??????? ????? ?????? ??? ????? ?? ??? ?????,,
f2d_list,f2d_3,"Containers are dirty, but sealed/ covered",??????? ????? ????? ????? ?? ?????,,
f2d_list,f2d_4,"Containers are dirty, but NOT sealed/ covered",??????? ????? ???? ????? ?? ?????,,
f2d_list,f2d_5,No containers present,?? ???? ?? ?????,,
f3_list,f3_1,Piped water into compound,???? ??? ??? ???????? ??? ???? ?????,,
f3_list,f3_2,Piped water connected to public tap,???? ??? ??? ???????? ??? ????? ????,,
f3_list,f3_3,Borehole,??? (???? ????),,
f3_list,f3_4,Protected well,??? ????,,
f3_list,f3_5,Protected rainwater tank,??? (???? ??????) ????? ???? ????? ???????,?????? ???? ???? ????,
f3_list,f3_6,Protected spring,??? ????,,
f3_list,f3_7,Bottled water,???? ?????,,
f3_list,f3_8,Water Trucking,?????? ?????? (??????),,
f3_list,f3_9,Illegal connection to piped network,??? ?????? ???? ??? ?????? ?? ???? ????.,,
f3_list,f3_10,Unprotected well,??? ??? ????,,
f3_list,f3_11,Unprotected rainwater tank,??? (???? ??????) ????? ???? ????? ???????,,
f3_list,f3_12,Unprotected spring,??? ??? ????,,
f3_list,f3_13,"Surface water (river, dam, lake, pond, stream, canal)",???? ????? (??? ?? ?? ?? ????? ?? ???? ?? ???? ?? ????),,
f3_list,f3_14,I don’t know,?? ????,,
f4_list,f4_1,"Yes, boil the water",???? ???? ???? ?????,,
f4_list,f4_2,"Yes, use chlorine tablets, powder or liquid",???? ???? ???????? ????? ?????? ?? ?????? ?????? ?? ????? ??????,,
f4_list,f4_3,"Yes, use a Filter",???? ?????? ????,,
f4_list,f4_4,"No, there is no need as the water is clean",??? ???? ???? ????? ??? ?????? ?????,,
f4_list,f4_5,"No, we don’t have materials for water purification/treatment",??? ??? ????? ???? ?????? ?? ?????? ??????,,
f4_list,f4_6,"No, we don’t know any treatment methods",??? ??? ?? ???? ???? ?? ??? ??????? ??????,,
f6_list,f6_1,Water source is located at the property,???? ?????? ????? ???? ??????,,
f6_list,f6_2,30 minutes or less,30 ????? ?? ???,,
f6_list,f6_3,Between 30 min and 1 hour,??? 30 ????? ? ???? ?????,,
f6_list,f6_4,Between 1 and 2 hours,?? ???? ??? ??????,,
f6_list,f6_5,More than 2 hours,???? ?? ??????,,
f6_list,f6_6,I do not know,?? ????,,
f8_list,f8_1,Bar of soap,???? ?????,,
f8_list,f8_2,Jerry can/bucket,????? ????????? (????) ??? (???? ?????),,
f8_list,f8_3,Sanitary pads,??? ????,,
f8_list,f8_4,Disposable diapers,?????? ????? ????? (?????? ??? ?????),,
f8_list,f8_5,Washing powder,????? ??????,,
f8_list,f8_6,Washing basin,????? ??,,
f8_list,f8_7,Toothpaste,????? ?????,,
f8_list,f8_8,Toothbrush/Miswak,????? ?????,,
f8_list,f8_9,Shampoo,?????,,
f8_list,f8_10,Water treatment/purification tablets,????? ??????? ?? ????? ??????,,
f8_list,f8_11,None,?? ???,,
f9_list,f9_1,"Yes, all members had access",???? ?? ???? ?????? ???????? ?????? ??? ????? ???? ?????????,,
f9_list,f9_2,Some members had access,???? ??? ???? ?????? ???????? ?????? ??? ????? ???? ?????????,,
f9_list,f9_3,No,??,,
f10_list,f10_1,There is not enough facilities/too crowded,?? ???? ?????? ????? ?? ?? ?????? ????? ??????,,
f10_list,f10_2,Absence/insufficiency of water,??? ???? ?????? ??????? ?? ??? ?????? ??????? ??????? ,,
f10_list,f10_3,Latrines are unclean/unhygienic,???????? ???????? ??? ????? ?? ??? ????,,
f10_list,f10_4,Lack of privacy/no separation between men and women,??? ???????? ?? ??? ???? ???? ??? ?????? ???????,,
f10_list,f10_5,"It is not safe (no door, no lock, etc.)",?????? ??? ??? (?? ???? ??? ?? ??? ???),,
f10_list,f10_6,Cess pit is full,???????? ??????,,
f10_list,f10_7,Pipes are blocked,???????? ??????,,
f10_list,f10_8,Connection to sewage blocked,???? ??????? ?? ??????? ?????,,
f10_list,f10_9,Structure is damaged,??????? ??????,,
f11_list,f11_1,When hands are dirty,????? ???? ???? ???????,,
f11_list,f11_2,Before prayer,??? ??????,,
f11_list,f11_3,Before eating,??? ?????,,
f11_list,f11_4,After eating,??? ?????,,
f11_list,f11_5,After disposing of baby’s faeces,??? ???? ????? ?????? ?????,,
f11_list,f11_6,Before feeding a baby,??? ????? ?????,,
f11_list,f11_7,After defecating,??? ??????,,
f11_list,f11_8,Before preparing food,??? ???? ????? ??????,,
f11_list,f11_9,We never wash our hands,?? ???? ?????? ?????,,
f12_list,f12_1,Garbage is left on the street by household and collected through public system,???? ????? ??????? ?? ????? ?? ??????? ??? ?? ???? ???? ??????? ????????? ????????,,
f12_list,f12_2,Garbage is left in containers on the street by household and collected through public system,???? ?????? ??????? ?? ?????? ?? ?????? ??? ?? ???? ???? ??????? ????????? ????????,,
f12_list,f12_3,Garbage is left in piles in public areas and is not collected,???? ?? ????? ?? ????? ?? ??????? ?????? ??? ??? ?????,,
f12_list,f12_4,Garbage is buried or burned,??? ??? ??????? ?? ?????,,
f13_list,f13_1,More than once a week,???? ?? ??? ????? ?? ???????,,
f13_list,f13_2,Once a week,??? ????? ?? ???????,,
f13_list,f13_3,Once every 2 weeks,??? ????? ?? ???????,,
f13_list,f13_4,Once every month,??? ????? ?? ???,,
f14_list,f14_1,"Yes, once or twice",???? ??? ?? ?????,,
f14_list,f14_2,"Yes, three – five times",???? ?? 3 ??? 5 ????,,
f14_list,f14_3,"Yes, there is always visible wastewater in the vicinity of the household",???? ???? ??????? ???? ??? ??? ????? ??? ??????,,
f14_list,f14_4,No,??,,
f15_list,f15_1,Flooding occurs very frequently (at least once a year) and damage is always observed,???? ????????? ???? ????? ???? (??? ????? ??? ?? ?????) ? ????? ????? ???? ?????,,
f15_list,f15_2,Flooding occurs frequently (3-5 times in the last 5 years) and significant damage is observed,???? ????????? ???? ????? (?? 3 ??? 5 ???? ?? ??? ??? ?????) ? ????? ???? ??? ????,,
f15_list,f15_3,Flooding occurs frequently (3-5 times in the last 5 years) and some damage is observed,???? ????????? ???? ????? (?? 3 ??? 5 ???? ?? ??? ??? ?????) ? ????? ??? ?????,,
f15_list,f15_4,Flooding occurs sometimes (1-2 times in the last 5 years) and damage is observed, ???? ????????? ??????? (??? ?? ????? ?? ??? ??? ?????) ? ????? ???? ???,,
f15_list,f15_5,Flooding occurs sometimes (1-2 times in the last 5 years) and no damage is observed, ???? ????????? ??????? (??? ?? ????? ?? ??? ??? ?????) ? ?? ????? ?? ???,,
f15_list,f15_6,Almost never,??????? ?? ???? ?????????,Add the options “I don’t know” and “I don’t want to answer”,
f15_list,f15_7,Never,?? ???? ????????? ?????,,
f15_list,f15_8,I don’t know,?? ????,,
f15_list,f15_9,I don’t want to answer,?? ???? ???????,,
g1_list,g1_1,Yes,???,,
g1_list,g1_2,No,??,,
g1_list,g1_3,I don’t know,?? ????,,
g1_list,g1_4,I don’t want to answer,?? ???? ???????,,
g2_list,g2_1,"School fees or costs (school fees, cost of supplies) ",???? ?? ?????? ??????? (?????? ???????? ?? ?????? ??????? ????????),,
g2_list,g2_2,Cost of transportation ,?????? ?????????,,
g2_list,g2_3,Leaving to work/ support the household,?????  ?? ?????? ?????? ???? ??,,
g2_list,g2_4,Early marriage,?????? ??????,,
g2_list,g2_5,"Children psychologically distressed (e.g. emotional, behaviour changes, aggression)",??????? ??????? ?????? (??? ???????? ???????? ?? ???????? ??????????),,
g2_list,g2_6,Illness and/or disability,????? ?? ??????? ?? ??????,,
g2_list,g2_7,Distance to school/ lack of transportation to school,???? ??????? ??? ??????? ?? ??? ???? ????? ??????? ??? ???????,,
g2_list,g2_8,"Lack of safety on the way to school (unexploded ordnances (UXO) / landmines, threat of abuse or abduction, etc.)",?????? ?????? ?? ?????? ??? ??????? (???? ??????? ???? ?? ????? ?? ??????? ??????? ?? ??????? ?????? ?? ????? ???),,
g2_list,g2_9,Harassment/ bullying,?????? ?? ??????,,
g2_list,g2_10,Child recruitment,????? ???????,,
g2_list,g2_11,Lack of female hygiene-kits,?????? ???? ??????? ??????? ????????,Add the option “Lack of documentation needed for enrolment” ,
g2_list,g2_12,I don’t know,?? ????,,
g2_list,g2_13,I don’t want to answer,?? ???? ???????,,
g3_list,g3_1,"Schools are closed (due to damage/destruction, occupation, insecurity, etc.)",??????? ????? (???? ????? ?? ???? ?? ?? ???? ?? ?????? ?? ?????? ?????),,
g3_list,g3_2,Lack of learning materials,?????? ?????? ?????????,,
g3_list,g3_3,"Lack of required documentation to enroll in school (birth certificate, education certificate)",??? ???? ??????? ???????? ???????? ???????? (????? ???? ?? ?????? ?????? ?????),,
g3_list,g3_4,Overcrowded classes,?????? ??????,,
g3_list,g3_5,School subjects unavailable,?????? ???????? ??? ??????,,
g3_list,g3_6,Poor quality of teaching,???? ???? ???????,,
g3_list,g3_7,Teachers unavailable/irregular availability of teachers,?????? ??? ????? ?? ????? ???? ??? ?????,???? ??? ?????,
g3_list,g3_8,Lack of qualified teachers,??? ???? ?????? ??????,,
g3_list,g3_9,Lack of female teachers,??? ???? ?????? ????,,
g3_list,g3_10,"Teachers psychologically distressed (aggressive, emotional and behavior changes)",???????? ??????? ?????? (???????? ???????? ?? ???????? ?? ????????),,
g3_list,g3_11,Insecurity in the school and/or area,?????? ????? ?? ??????? ?? ?? ???????,,
g3_list,g3_12,Lack of facilities for students with disability/ special needs,?????? ??????? ??????? ?????? ???????? ?? ?????? ??? ?????????? ??????,,
g3_list,g3_13,Lack of gendered facilities,?????? ??????? ???? ????? ?????? ?? ????? ?????????,,
g3_list,g3_14,Lack of proper WASH facilities,?????? ????? ?????? ?????? ????? ????????,,
g3_list,g3_15,I don’t know,?? ????,"????? ???? ??????? ??????? - ??????? ?? ??????? ?? ?????? ???? 
???????",
g3_list,g3_16,I don’t want to answer,?? ???? ???????,,
g4_list,g4_1,Additional classrooms,???? ?????? ??????,,
g4_list,g4_2,"Provision of functional classrooms (that were closed due to damage/destruction, occupation, insecurity, etc.))",????? ???? ?????? ????? ????????? (????? ????? ???? ??????? ?? ?????? ?? ???? ???? ?????? ?? ???? ?????? ????? ???),,
g4_list,g4_3,Appropriate WASH facilities,????? ?????? ?????? ????? ???????? ??????,,
g4_list,g4_4,Appropriate gender facilities,????? ?????  ???????? ?? ????? ?????????,,
g4_list,g4_5,Appropriate facilities for disabled children,????? ?????? ???? ???????,,
g4_list,g4_6,Early childhood development,????? ??????? ???????,,
g4_list,g4_7,Psychological support/counselling for psychosocial stress,????? ?? ?????????? ??????? ????? ???????? ??????? ??????????,,
g4_list,g4_8,Availability of full-time teachers,????? ?????? ????? ????,,
g4_list,g4_9,Cooperation with community to get children back/into school,??????? ?? ??????? ?????? ??????? ?? ??????? ??  ???????? ??? ???????,,
g4_list,g4_10,Ensuring safety and security for students/teachers,???? ??? ????? ??????? ?????????,,
g4_list,g4_11,Provision of qualified teachers,????? ?????? ??????,,
g4_list,g4_12,Regular salary payments for teachers/resources to pay teachers,??? ??????? ???? ????? ???????? ?? ????? ????? ???? ???????,,
g4_list,g4_13,Recognition and/or certification of non-formal education materials,???????? ????? ??????? ????? ????? ?? ???????,,
g4_list,g4_14,Provision of teaching supplies and learning materials,????? ???? ????? ?????? ???????,,
g4_list,g4_15,Fuel for electricity and/or solar panel,???? ???????? ?? ????? ?????,,
g4_list,g4_16,"Provision of school equipment (desks, chairs, etc.)",????? ????? ?????? (????? ?????? ???),,
g4_list,g4_17,I don’t know,?? ????,,
g4_list,g4_18,I don’t want to answer,?? ???? ???????,,
g5_list,g5_1,"Yes, all of them",???? ?? ???????,,
g5_list,g5_2,Some of them attend a lower grade,????? ????? ????? ??? ?? ????,,
g5_list,g5_3,Some of them attend a higher grade,????? ????? ????? ???? ?? ????,,
g5_list,g5_4,"No, none of them",?? ????? ????? ????,,
g5_list,g5_5,I don’t know,?? ????,,
g5_list,g5_6,I do not want to answer,?? ???? ???????,,
g6_list,g6_1,"Yes, very satisfied",???? ????? ???,,
g6_list,g6_2,"Yes, partially satisfied",???? ????? ??????,,
g6_list,g6_3,"No, not satisfied",??? ???? ?????,,
g6_list,g6_4,I do not know,?? ????,,
g6_list,g6_5,I do not want to answer,?? ???? ???????,,
g7_list,g7_1,Teachers not regularly present in the classroom,?? ???? ???????? ???? ????? ?? ??????,,
g7_list,g7_2,Learning materials,?????? ?????????,,
g7_list,g7_3,Classrooms not suitable for learning,?????? ???????? ??? ?????? ??????? ????????,,
g7_list,g7_4,WASH facilities not available,????? ?????? ?????? ????? ???????? ??? ??????,,
g7_list,g7_5,I do not know,?? ????,,
g7_list,g7_6,I do not want to answer,?? ???? ???????,,
h1_list,h1_1,Yes,???,,
h1_list,h1_2,No,??,,
h1_list,h1_3,I do not know,?? ????,,
h1_list,h1_4,I do not want to answer,?? ???? ???????,,
h2_list,h2_1,Acute respiratory infection*,?????? ????? ???,,
h2_list,h2_2,Tuberculosis (TB),????,,
h2_list,h2_3,Diarrheal disease*,????? ???????,,
h2_list,h2_4,Measles,??????,,
h2_list,h2_5,Malaria,????????,,
h2_list,h2_6,Polio (AFP),??? ???????,,
h2_list,h2_8,Pertussis / whooping cough,?????? ??????,,
h2_list,h2_10,Hepatitis,?????? ?????,,
h2_list,h2_11,Typhoid,?????????,,
h2_list,h2_12,Hypertension,?????? ??? ????,,
h2_list,h2_13,Diabetes,??????,,
h2_list,h2_14,Kidney disease,????? ?????,,
h2_list,h2_15,Cancer / malignancies,??????? ???????? ???????,,
h2_list,h2_16,Skin disease (including scabies),??????? ??????? (??? ?? ??? ?????),,
h2_list,h2_17,Mental illness,??????? ???????,,
h2_list,h2_18,Malnutrition,??? ???????,,
h2_list,h2_19,Injuries,????????,,
h2_list,h2_20,"Physical disabilities (amputees, contractures, limited sight/hearing)",???????? ??????? (?????? ???????? ???????? ???????? ??? ????? ?? ????? ??????),,
h2_list,h2_21,Burns,"??????

",,
h2_list,h2_22,"Complications in pregnancy, childbirth, or post-partum","??????? ????? ????? ?? ???? ??????? ?? ??? ???????
",,
h2_list,h2_23,I don’t know,?? ????,,
h2_list,h2_24,I don’t want to answer,?? ???? ???????,,
h3_list,h3_1,Yes,???,,
h3_list,h3_2,No,??,,
h3_list,h3_3,I do not know,?? ????,,
h3_list,h3_4,I do not want to answer,?? ???? ???????,,
h4_list,h4_1,Health Unit (provides preventative and basic treatment),???? ???? (???? ????? ?????? ?????? ??????),,
h4_list,h4_2,"Health Centre (provides preventative, diagnostic and curative services)",???? ??? (???? ????? ?????? ???????? ???????),,
h4_list,h4_3,Hospital,??????,,
h4_list,h4_4,Private clinic,????? ????,,
h4_list,h4_5,Community health worker,???? ??? ??????,,
h4_list,h4_6,Pharmacy,????????,,
h4_list,h4_7,Traditional medicine facility,???? ???? ?????? (???? ????????),,
h4_list,h4_8,No facility accessed,?? ????? ?????? ?????? ??? ?????,the transaltion is “No services accessed” it should be  “No facilities accessed” ,
h4_list,h4_9,I don’t know,?? ????,,
h4_list,h4_10,I don’t want to answer,?? ???? ???????,,
h5_6_list,h5_6_1,General services,????? ????,,
h5_6_list,h5_6_2,Trauma care,????? ???????? ???????? ???????,,
h5_6_list,h5_6_3,Immunization services,????? ???????,,
h5_6_list,h5_6_4,Integrated management of child illnesses (IMCI),??????? ????????? ?????? ???????,??????? ??????? ???????? ?????? ???????,
h5_6_list,h5_6_5,"Communicable disease services (tuberculosis, malaria, dengue, cholera, etc.)",????? ???? ??????? ??????? (???? ????????? ???? ????? ? ???????? ???),,
h5_6_list,h5_6_6,Non-communicable disease services,????? ????? ??????? ??? ???????,,
h5_6_list,h5_6_7,Mental health services, ????? ????? ???????,,
h5_6_list,h5_6_8,"Reproductive health services (antenatal, deliveries, family planning, post-natal, etc.)",????? ????? ????????? (??? ??????? ? ????? ??????? ?????? ?????? ???? ??????? ???),,
h5_6_list,h5_6_9,"Specialized care (dialysis, treatment for cancer, prosthetics, physiotherapy, etc.)",??????? ???????? (???? ?????? ????? ??????? ???????? ???????? ??????? ???????),,
h5_6_list,h5_6_10,Surgical services,??????? ????????,,
h5_6_list,h5_6_11,Laboratory services, ??????? ????????,,
h5_6_list,h5_6_12,"Radiological services (x-ray, ultrasound, CT-scan, etc.)",????? ??????? ??????? (?????? ??????? ??????? ??? ??????? ???????? ???????? ???),,
h5_6_list,h5_6_13,Pharmacy services,??????? ????????,,
h5_6_list,h5_6_14,None,?? ???? ??? ?? ?????,Change the option “None” to “No services accessed”  ,
h5_6_list,h5_6_15,I don’t know,?? ????,,
h5_6_list,h5_6_16,I don’t want to answer,?? ???? ???????,,
h7_list,h7_1,Yes,???,,
h7_list,h7_2,No,??,,
h7_list,h7_3,I do not know,?? ????,,
h7_list,h7_4,I do not want to answer,?? ???? ???????,,
h9_list,h9_1,Yes,???,,
h9_list,h9_2,No,??,,
h9_list,h9_3,I do not know ,?? ????,,
h9_list,h9_4,I do not want to answer,?? ???? ???????,,
h10_list,h10_1,No transportation available,??? ????? ????? ???????,,
h10_list,h10_2,High transportation cost to health facilities,?????? ????? ?????? ??? ??????? ?????? ??????????,,
h10_list,h10_3,Health facilities are not accessible for people with disabilities (difficulty moving/seeing/hearing),?? ???? ??????? ???????? ?????? ??? ??????? ?????? (?????? ?? ?????? ? ?????? ?? ?????),,
h10_list,h10_4,Health facilities do not open all working days of the week,?? ???? ??????? ?????? ?? ?? ???? ???????,,
h10_list,h10_5,Health facilities are not safe/risk of attack,??????? ?????? ???? ???? ?? ?? ??? ??? ?????,,
h10_list,h10_6,Health facilities are not accessible because of security situation on the journey/ roads not accessible,?? ???? ?????? ??? ??????? ?????? ???? ????? ?????? ?? ?????? ????? ?? ???? ?? ???? ??????? ????? ??????? ??? ?????,,
h10_list,h10_7,Health facility is too far to be accessed,?? ???? ?????? ??? ??????? ?????? ???? ??????,,
h10_list,h10_8,Price of consultation/treatment (too expensive),?????? ??? ????????? ?????? ?? ??????,,
h10_list,h10_9,Required types of service not available ,??? ????? ??????? ????????,,
h10_list,h10_10,The waiting time was too long,??? ??? ???????? ?????? ??? ??????? ??????,,
h10_list,h10_11,Absence of health workers,???? ?????? ????? ?? ??????? ???????,,
h10_list,h10_12,Lack of trust in health care providers,??? ????? ?? ????? ??????? ??????,,
h10_list,h10_13,Lack of privacy,?????? ????????,,
h10_list,h10_14,Lack of available medicines,??? ??????? ????????,,
h10_list,h10_15,"Lack of space to receive patients (insufficient treatment facilities, beds, rooms, etc.)",???? ??????? ???????? ???????? ??????. (??? ????? ????? ?????? ?? ??????? ?? ????? ??????? ??????),,
h10_list,h10_16,None (we do not have any serious problems),??? ??? ??? (?? ??????? ?? ????? ?????),Add the options “Lack of documentation” and Foreigners are turned away (only for Refugees and Migrant)” - ???? ???? ??? ??? ??????? ,
h10_list,h10_17,I don’t know,?? ????,,
h10_list,h10_18,I don’t want to answer,?? ???? ???????,,
h11_list,h11_1,Less than 30 minutes,??? ?? 30 ?????,,
h11_list,h11_2,30-60 minutes,??? 30 ? 60 ?????,,
h11_list,h11_3,More than 60 minutes,???? ?? 60 ?????,,
h11_list,h11_4,I don’t know,?? ????,,
h12_list,h12_1,Not treating illness,??? ???? ?????,,
h12_list,h12_2,Using traditional medicine,??????? ???????? ????????? (???????),,
h12_list,h12_3,Home remedies,??????? ???????? ????????,,
h12_list,h12_4,Use pre-existing savings,??????? ???????? ???????? ?????,,
h12_list,h12_5,Reduction of spending on food,???? ?? ??????? ??? ??????,,
h12_list,h12_6,Removal of children from school,????? ??????? ?? ???????,,
h12_list,h12_7,Reliance on social support,???????? ??? ????? ?????????,,
h12_list,h12_8,Selling of assets,??? ??????,,
h12_list,h12_9,Borrowing,????????,,
h12_list,h12_10,None,?? ???,,
h12_list,h12_11,I don’t know,?? ????,,
h12_list,h12_12,I don’t want to answer,?? ???? ???????,,
h13_list,h13_1,Yes,???,,
h13_list,h13_2,No,??,,
h13_list,h13_3,I don’t know,?? ????,,
h14_list,h14_1,Specialized training for carers of household members with disabilities,????? ????? ?????? ??????? ?????? ?????? ??? ???????,,
h14_list,h14_2,Provision of housing appropriate for people with disabilities,????? ????? ??????? ??????? ??? ???????,,
h14_list,h14_3,"Provision of devices/items to support disabilities (hearing aid, glasses, wheelchair, crutches, etc.)",????? ????? / ????? ???? ??????? (????? ? ???????? ? ?????? ??????? ? ???????? ? ???),,
h14_list,h14_4,None,?? ???,,
h14_list,h14_5,I don’t know,?? ????? ?? ????,,
h16_list,h16_1,At home alone,?? ?????? ??????,,
h16_list,h16_2,At home with non-professional care (unqualified or traditional mid-wife),?? ?????? ?? ????? ??? ?????? (??? ??? ???? ?? ????? ?????),,
h16_list,h16_3,In health facility,?? ????? ????,,
h16_list,h16_4,"At home with professional care (skilled/trained mid-wife, doctor)",?? ?????? ??? ?? ????? ?????? (????? ????? ?? ????? ?? ??????),,
h18_list,h18_1,No female medical staff at nearest health facility,?? ???? ?? ???? ??? ????? ?? ???? ????? ????,,
h18_list,h18_2,Female midwives are not available in nearest health facility,?? ???? ?????? ???? ?? ???? ????? ????,,
h18_list,h18_3,Gynaecologists are not available at the nearest hospital,?? ???? ?????? ????? ???? ?? ???? ??????.,,
h18_list,h18_4,No separate waiting space for women/girls in nearest health facility,?? ???? ????? ?????? ???? ??????? ?? ??????? ?? ???? ????? ????.,,
h18_list,h18_5,Women/girls face uncomfortable environment/mistreatment at health facilities,????? ?????? ???????? ????? ??? ????? ?? ?????? ???? ?? ??????? ??????.,,
h18_list,h18_6,Lack of privacy in the health facility,?????? ???????? ?? ??????? ??????.,,
h18_list,h18_7,It is unsafe for women/girls to travel to the nearest health facility,?????? ??? ???? ????? ???? ??? ??? ?????? ????????.,,
h18_list,h18_8,Lack of companion to travel to health facilities with,?? ? ???? ????? ?????? ??? ??????? ?????? ?? ???????.,,
h18_list,h18_9,Women/girls do not have necessary money to pay for health services/transport to health facility,?? ????? ?????? ?? ??????? ????? ?????? ????? ????? ????????? ??? ??????? ?????? ?? ????? ??????? ??????.,,
h18_list,h18_10,Treatment requires approval from the head of household,??????? ?????? ????? ?????? ?? ?? ??????,,
h18_list,h18_11,Discrimination based on displacement status,??????? ???? ??? ???? ??????,,
h18_list,h18_12,Medicines needed are not available,??????? ???????? ??? ??????,,
h18_list,h18_13,Health facilities are overcrowded,??????? ?????? ?????? ???,,
h18_list,h18_14,No (no issues in accessing health services/facilities),??? ?? ???? ?? ????? ?????? ??????? ??? ??????? ?? ??????? ?????? ,,
h18_list,h18_15,I don’t know,?? ????,????? ???? ??? ???? ?????,
h18_list,h18_16,I don’t want to answer,?? ???? ???????,,
i1_list,i1_1,Yes,???,,
i1_list,i1_2,No,??,,
i1_list,i1_3,I don’t know,?? ????,,
i1_list,i1_4,I don’t want to answer,?? ???? ???????,,
i2_list,i2_1,Conflict-related abuse,??????? ??????? ?? ????????,,
i2_list,i2_2,Gender-based abuse,??????? ???????? ??????,,
i2_list,i2_3,Exploitation,?????????,,
i2_list,i2_4,I don’t know,?? ????,,
i2_list,i2_5,I don’t want to answer,?? ???? ?? ???????,,
i3_list,i3_1,Family,??????,,
i3_list,i3_2,Friends,????????,,
i3_list,i3_3,Mosques,???????,,
i3_list,i3_4,Hospitals/ health centres,?????????? / ????? ??????? ????????,,
i3_list,i3_5,Female-led community organisation,???????? ?????????? ???? ?????? ????,,
i3_list,i3_6,Community-organisation,??????? ??????????,,
i3_list,i3_7,Local authorities,??????? ???????,,
i3_list,i3_8,Police,??????,,
i3_list,i3_9,I don’t know,?? ????,,
i3_list,i3_10,I don’t want to answer,?? ???? ?? ???????,,
i3_list,i3_11,"None, we don't have anybody to go to/we don't trust anybody with the issue",?? ???? (??? ????? ?? ??? ???? ???? / ??? ????? ??? ????? ???? ????? ???? ?????,"
????? ???? ????? ???????? ??????? ????? ????????",
i4_list,i4_1,Psychological,????? ??????,,
i4_list,i4_2,Medical care / health,??????? ?????? / ???????,,
i4_list,i4_3,Livelihoods / rehabilitation,????? ???? ????? / ????? ???????,,
i4_list,i4_4,Legal / justice,?????? ??? ??????? ???????? ??????????,,
i4_list,i4_5,Access to safe-spaces / shelter,???????? ?????? ??? ?????? ?????? ????,,
i4_list,i4_6,None,?? ????? ?? ????,,
i4_list,i4_7,I don’t know,?? ????,,
i4_list,i4_8,I don’t want to answer,?? ???? ?? ???????,,
i5_list,i5_1,Psychological,????? ??????,,
i5_list,i5_2,Medical care / health,??????? ?????? / ???????,,
i5_list,i5_3,Livelihoods / rehabilitation,????? ???? ????? / ????? ???????,,
i5_list,i5_4,Legal / justice,?????? ??? ??????? ???????? ??????????,,
i5_list,i5_5,Access to safe-spaces / shelter,???????? ?????? ??? ?????? ?????? ????,,
i5_list,i5_6,None,?? ????? ?? ????,,
i5_list,i5_7,I don’t know,?? ????,,
i5_list,i5_8,I don’t want to answer,?? ???? ?? ???????,,
i6_list,i6_1,Access to safe-spaces / shelter,???????? ?????? ??? ?????? ?????? ????,,
i6_list,i6_2,Best interest procedures for children (specialized protection services),??????? ???? ???? ???????? ????? ????? ?????? (?????? ??????? ?????????),,
i6_list,i6_3,Specialised training for foster parents,????? ??? ????? ???????,,
i6_list,i6_4,Family reunification,????? ??? ??? ???????,,
i6_list,i6_5,None,?? ????? ?? ????,,
i6_list,i6_6,I don’t know,?? ????,,
i6_list,i6_7,I don’t want to answer,?? ???? ?? ???????,,
i7_list,i7_1,Provision of safe housing,????? ???? ???,,
i7_list,i7_2,None,?? ????? ?? ????,,
i7_list,i7_3,I don’t know,?? ????,,
i7_list,i7_4,I don’t want to answer,?? ???? ?? ???????,,
j1_list,j1_1,Employment full time,????? ????? ????,,
j1_list,j1_2,Employment part time,????? ????? ????,,
j1_list,j1_3,Day labour/casual labour,????? ?????? / ?????,,
j1_list,j1_4,Self-employed,???? (?) ???? ????,,
j1_list,j1_5,Pension,???? ?????,,
j1_list,j1_6,Remittances,??????? ??????,,
j1_list,j1_7,Gifts from family/relatives,???? ?? ??????? / ???????,,
j1_list,j1_8,Begging,?????,,
j1_list,j1_9,Borrowing money,?????,,
j1_list,j1_10,Savings,???????,,
j1_list,j1_11,Government assistance,?????? ???????,,
j1_list,j1_12,Cash assistance from humanitarian actors,?????? ????? ?? ???? ????? ????????,,
j1_list,j1_13,No source of income,?? ?????? ?? ???? ???? ?????,,
j1_list,j1_14,I don’t know,?? ????,,
j1_list,j1_15,I don’t want to answer,?? ???? ?? ???????,,
j2_list,j2_1,Yes,???,,
j2_list,j2_2,No,??,,
j2_list,j2_3,I don’t know,?? ????,,
j2_list,j2_4,I don’t want to answer,?? ???? ???????,,
j3_list,j3_1,Skills no longer relevant,?????? ?? ??? ????? ?????,,
j3_list,j3_2,Pre-retirement age,??? ?? ??? ???????,,
j3_list,j3_3,Non-existent job market,??? ??? ????? / ??? ??????,,
j3_list,j3_4,Missing documentation,????? ??? ??????,,
j3_list,j3_5,Place of work is inaccessible,?? ???? ?????? ??? ???? ?????,,
j3_list,j3_6,Place of work in insecure location,??? ???? ????? ?? ???? ??? ???,,
j3_list,j3_7,Place of work is damaged/destroyed,???? ????? ?????? / ?????,,
j3_list,j3_8,Livelihood assets damaged/destroyed,??????? ??? ????? ??????? / ??????,,
j3_list,j3_9,No funds/savings to continue investing,?? ?????? ??????? / ????????? ????????? ??????????,,
j3_list,j3_10,Discrimination from employers due to foreign nationality,????? ?? ??? ????? ????? ??? ??? ?????? ?????? ??????????? ????? ?????,,
j3_list,j3_11,Poor health status,???? ????? ?????,,
j3_list,j3_12,"Discrimination from employers due to race, religion, political affiliation, regional variation, etc.",????? ?? ??? ????? ????? ???? ?????? ?????? ???????? ???????? ??????? ???????? ?????,,
j3_list,j3_13,Language barriers,????? ?????,,
j3_list,j3_14,I don’t want to answer,?? ???? ???????,,
j4_list,j4_1,Yes,???,,
j4_list,j4_2,No,??,,
j4_list,j4_3,I don’t know,?? ????,,
j4_list,j4_4,I don’t want to answer,?? ???? ???????,,
j5_list,j5_1,The market is often closed,?????? ?? ???? ????? ?????,,a1_1
j5_list,j5_2,The market is damaged,????? ????? ??? ?????,,a1_1
j5_list,j5_3,The market is too far to walk,??? ????? ??? ????? ????? ????? ??? ?????,,a1_1
j5_list,j5_4,The market location is unsafe (including harassment and presence of landmines/UXO/airstrikes),??? ????? ?? ???? ??? ??? (??? ?? ??? ??????? ??? ????????? ??????? ??????? ???????? / ??????? ??? ???????? / ??????? ???????),,a1_1
j5_list,j5_5,There are crossing checkpoints on the way to the market,??? ???? ???? ????? ?? ?????? ??? ?????,,a1_1
j5_list,j5_6,The roads leading to the market are damaged,??? ??????? ???????? ??? ????? ??????,,a1_1
j5_list,j5_7,There are no means of transportation to the market,?? ?????? ????? ??? ?????? ??? ?????,,a1_1
j5_list,j5_8,We cannot afford transportation costs to the market,?? ???? ??? ????? ?????? ????? ?????? ??? ?????,,a1_1
j5_list,j5_9,There are social restrictions on movement,???? ?????? ??? ?????? / ??? ?????,,a1_1
j5_list,j5_10,I don’t want to answer,?? ???? ???????,,a1_1
j5_list,j5_1,The market is often closed,?????? ?? ???? ????? ?????,,a1_3
j5_list,j5_2,The market is damaged,????? ????? ??? ?????,,a1_3
j5_list,j5_3,The market is too far to walk,??? ????? ??? ????? ????? ????? ??? ?????,,a1_3
j5_list,j5_4,The market location is unsafe (including harassment and presence of landmines/UXO/airstrikes),??? ????? ?? ???? ??? ??? (??? ?? ??? ??????? ??? ????????? ??????? ??????? ???????? / ??????? ??? ???????? / ??????? ???????),,a1_3
j5_list,j5_5,There are crossing checkpoints on the way to the market,??? ???? ???? ????? ?? ?????? ??? ?????,,a1_3
j5_list,j5_6,The roads leading to the market are damaged,??? ??????? ???????? ??? ????? ??????,,a1_3
j5_list,j5_7,There are no means of transportation to the market,?? ?????? ????? ??? ?????? ??? ?????,,a1_3
j5_list,j5_8,We cannot afford transportation costs to the market,?? ???? ??? ????? ?????? ????? ?????? ??? ?????,,a1_3
j5_list,j5_9,There are social restrictions on movement,???? ?????? ??? ?????? / ??? ?????,,a1_3
j5_list,j5_10,I don’t want to answer,?? ???? ???????,,a1_3
j5_list,j5_1,The market is often closed,?????? ?? ???? ????? ?????,,a1_5
j5_list,j5_2,The market is damaged,????? ????? ??? ?????,,a1_5
j5_list,j5_3,The market is too far to walk,??? ????? ??? ????? ????? ????? ??? ?????,,a1_5
j5_list,j5_4,The market location is unsafe (including harassment and presence of landmines/UXO/airstrikes),??? ????? ?? ???? ??? ??? (??? ?? ??? ??????? ??? ????????? ??????? ??????? ???????? / ??????? ??? ???????? / ??????? ???????),,a1_5
j5_list,j5_5,There are crossing checkpoints on the way to the market,??? ???? ???? ????? ?? ?????? ??? ?????,,a1_5
j5_list,j5_6,The roads leading to the market are damaged,??? ??????? ???????? ??? ????? ??????,,a1_5
j5_list,j5_7,There are no means of transportation to the market,?? ?????? ????? ??? ?????? ??? ?????,,a1_5
j5_list,j5_8,We cannot afford transportation costs to the market,?? ???? ??? ????? ?????? ????? ?????? ??? ?????,,a1_5
j5_list,j5_9,There are social restrictions on movement,???? ?????? ??? ?????? / ??? ?????,,a1_5
j5_list,j5_10,I don’t want to answer,?? ???? ???????,,a1_5
j5_list,j5_1,The market is often closed,?????? ?? ???? ????? ?????,,a1_2
j5_list,j5_2,The market is damaged,????? ????? ??? ?????,,a1_2
j5_list,j5_3,The market is too far to walk,??? ????? ??? ????? ????? ????? ??? ?????,,a1_2
j5_list,j5_4,The market location is unsafe (including harassment and presence of landmines/UXO/airstrikes),??? ????? ?? ???? ??? ??? (??? ?? ??? ??????? ??? ????????? ??????? ??????? ???????? / ??????? ??? ???????? / ??????? ???????),,a1_2
j5_list,j5_5,There are crossing checkpoints on the way to the market,??? ???? ???? ????? ?? ?????? ??? ?????,,a1_2
j5_list,j5_6,The roads leading to the market are damaged,??? ??????? ???????? ??? ????? ??????,,a1_2
j5_list,j5_7,There are no means of transportation to the market,?? ?????? ????? ??? ?????? ??? ?????,,a1_2
j5_list,j5_8,We cannot afford transportation costs to the market,?? ???? ??? ????? ?????? ????? ?????? ??? ?????,,a1_2
j5_list,j5_9,There are social restrictions on movement,???? ?????? ??? ?????? / ??? ?????,,a1_2
j5_list,j5_10,I don’t want to answer,?? ?????? ??????? ??????? ????? ??????? ????????(????????? ????????? ???),,a1_2
j5_list,j5_11,Foreigners are not allowed to access local markets (only for migrants and refugees),?? ???? ???????,,a1_2
j5_list,j5_1,The market is often closed,?????? ?? ???? ????? ?????,,a1_4
j5_list,j5_2,The market is damaged,????? ????? ??? ?????,,a1_4
j5_list,j5_3,The market is too far to walk,??? ????? ??? ????? ????? ????? ??? ?????,,a1_4
j5_list,j5_4,The market location is unsafe (including harassment and presence of landmines/UXO/airstrikes),??? ????? ?? ???? ??? ??? (??? ?? ??? ??????? ??? ????????? ??????? ??????? ???????? / ??????? ??? ???????? / ??????? ???????),,a1_4
j5_list,j5_5,There are crossing checkpoints on the way to the market,??? ???? ???? ????? ?? ?????? ??? ?????,,a1_4
j5_list,j5_6,The roads leading to the market are damaged,??? ??????? ???????? ??? ????? ??????,,a1_4
j5_list,j5_7,There are no means of transportation to the market,?? ?????? ????? ??? ?????? ??? ?????,,a1_4
j5_list,j5_8,We cannot afford transportation costs to the market,?? ???? ??? ????? ?????? ????? ?????? ??? ?????,,a1_4
j5_list,j5_9,There are social restrictions on movement,???? ?????? ??? ?????? / ??? ?????,,a1_4
j5_list,j5_10,I don’t want to answer,?? ?????? ??????? ??????? ????? ??????? ????????(????????? ????????? ???),,a1_4
j5_list,j5_11,Foreigners are not allowed to access local markets (only for migrants and refugees),?? ???? ???????,,a1_4
j6_list,j6_1,Yes,???,,
j6_list,j6_2,No,??,,
j6_list,j6_3,I don’t know,?? ????,,
j6_list,j6_4,I don’t want to answer,?? ???? ???????,,
j7_list,j7_1,"Sell assets/goods (radio, furniture, tv, etc.)",??? ????????? / ????????? (????????? ??????? ???????? ???.),,
j7_list,j7_2,"Sell productive assets/means of transport (livestock, sewing machine, car, etc.)",??? ?????? ?????????? / ????? ????? (????????? ????? ???????? ???????? ???.),,
j7_list,j7_3,Sell house or land,??? ???? ?? ????,,
j7_list,j7_4,Spend savings,????? ?????????,,
j7_list,j7_5,Purchase food on credit or borrowed food,???? ?????? ???????? ?? ???? ??????? ?? ???????? ??????,,
j7_list,j7_6,"Reduce expenses on basic needs (food, shelter, health, etc.)",????? ?? ??????? ??? ??????? ????????? (??? ?????? ??????? ???????? ??????? ??????),,
j7_list,j7_7,"Reduce expenses on transportation, education, household appliances, clothing, entertainment, etc.",????? ?? ??????? ??? ????? ???????? ????????? ????????? ??????? ???????? ?????????? ??????,,
j7_list,j7_8,Household member sent to eat/live with another family,????? ??? ????? ??????? ?????? ?????? ??? ???? ???? ?? ????? ?????,,
j7_list,j7_9,Household member move elsewhere in search of work,?????? ??? ????? ?????? ??? ???? ??? ????? ?? ???,,
j7_list,j7_10,"Household member resort to an illegal, high risk or degrading job",???? ??? ????? ?????? ??? ??? ??? ??????? ???? ?? ???? ???????,,
j7_list,j7_11,Marriage,??????,,
j7_list,j7_12,Look for alternative income source,????? ?? ???? ??? ????,,
j7_list,j7_13,Resort to withdraw loans,?????? ???? ??????,,
j7_list,j7_14,"Begging, including from children",??????? ??? ?? ??? ???????,,
j7_list,j7_15,I don’t know,?? ????,,
j7_list,j7_16,I don’t want to answer,?? ???? ???????,,
j8_list,j8_1,Yes,???,,
j8_list,j8_2,No,??,,
j8_list,j8_3,I don’t know,?? ????,,
j8_list,j8_4,I don’t want to answer,?? ???? ???????,,
j9_list,j9_1,Debt due to missing rent payments,??? ????? ??? ????? ??????? ???????,,
j9_list,j9_2,Debt due to purchasing food on credit,??? ????? ???? ?????? ???????? ?????????,,
j9_list,j9_3,"Debt due to purchasing productive inputs on credit (seeds, soil, fertilizer, etc.)",??? ????? ???? ???????? ????????? ????????? (???????? ??????? ???????? ???.),,
j9_list,j9_4,"Debt due to purchasing assets (livestock, transportation, house, etc.)",??? ????? ???? ?????? (????????? ????? ?????? ??????? ???.),,
j9_list,j9_5,Debt due medical fees,??? ????? ?????? ????,,
j9_list,j9_6,Debt due education fees (school materials and school enrolment fees),??? ????? ???? ??????? (???? ?????? ????????? ????? ??????? ?? ???????),,
j9_list,j9_7,Debt due to legal fees,??? ????? ??????? ??????????,,
j9_list,j9_8,Debt due to funeral/marriage arrangements,??? ????? ?????? ???????? ????????? / ???? ??????,,
j9_list,j9_9,Debt due to costs related to the migration of one or multiple household members,??? ????? ???????? ???????? ????? ??? ????? ?????? ?? ??? ????,,
j9_list,j9_10,Debt due to personal loans owed to financial institutions,??? ????? ?????? ???????? ???????? ???????? ????????,,
j10_list,j10_1,Drugs/vaccination and treatment for livestock,??????/ ???????/ ?????? ???????,,
j10_list,j10_2,Water for livestock,?????? ???????,,
j10_list,j10_3,Small ruminants,????? ????????? ??????? ???????,,
j10_list,j10_4,Water for agricultural use,?????? ????????? ???????,,
j10_list,j10_5,Cereal seeds/Vegetable seeds,???? ?????? ??????,,
j10_list,j10_6,Fishing kits,???????? ??? ?????,,
j10_list,j10_7,Hand tools,??????? ????????,,
j10_list,j10_8,Capacity building training,??????? ??? ???? ???????,,
j10_list,j10_9,Vocational training,??????? ??????,,
j10_list,j10_10,Education,???????,,
j10_list,j10_11,Employment opportunities,??? ?????,,
j10_list,j10_12,Business grants,????? ??????? ???????,,
j10_list,j10_13,I don’t know,?? ????,,
j10_list,j10_14,I don’t want to answer,?? ???? ?? ???????,,
k1_list,k1_1,Yes,???,,
k1_list,k1_2,No,??,,
k1_list,k1_3,I don’t know,?? ????,,
k1_list,k1_4,I don’t want to answer,?? ???? ???????,,
k2_list,k2_1,NGO,???????? ??? ????????,,
k2_list,k2_2,UN agency,?????? ????? ???????,,
k2_list,k2_3,Government agency,???????? ?????????,,
k2_list,k2_4,I don’t know,?? ????,,
k2_list,k2_5,I don’t want to answer,?? ???? ?? ???????,,
k3_list,k3_1,Once,???? ?????,,
k3_list,k3_2,Twice,???????,,
k3_list,k3_3,Three or more times,???? ????? ?? ????,,
k3_list,k3_4,I don’t know,?? ????,,
k3_list,k3_5,I don’t want to answer,?? ???? ?? ???????,,
k4_list,k4_1,"Cash – multi-purpose, conditional",?????? ????? ??????? ??????? - ??????,,
k4_list,k4_2,"Cash – multi-purpose, non-conditional",?????? ?????? ??????? ??????? - ??? ??????,,
k4_list,k4_3,Voucher,?????,,
k4_list,k4_4,I don’t know,?? ????,,
k4_list,k4_5,I don’t want to answer,?? ???? ?? ???????,,
l1_list,l1_1,Yes,???,,
l1_list,l1_2,No,??,,
l1_list,l1_3,I don’t know,?? ????,,
l1_list,l1_4,I don’t want to answer,?? ???? ???????,,
l2_list,l2_1,Food,?????? ????????,,
l2_list,l2_2,Nutrition,???????,,
l2_list,l2_3,Shelter,??????,,
l2_list,l2_4,NFI,?????? ??? ????????,,
l2_list,l2_5,Water,??????,,
l2_list,l2_6,Sanitation,????? ????? ?????,,
l2_list,l2_7,Education assistance/material,?????? ?????????? ????????? ?? ???? ???????,,
l2_list,l2_8,Health/Medical assistance,??????? ??????/ ???????,,
l2_list,l2_9,Protection services for women,????? ??????? ??????,,
l2_list,l2_10,Protection services for children,????? ??????? ???????,,
l2_list,l2_11,Legal assistance,???????? ??????????,,
l2_list,l2_12,Psychological support,????? ??????,,
l2_list,l2_13,Services for elderly persons,????? ???????,,
l2_list,l2_14,Services for persons with disability,????? ???? ?????????? ???????,,
l2_list,l2_15,Livelihood support*,??????? ??? ????? ?????????,,
l2_list,l2_16,Risk education on explosive hazard,??? ??? ??? ?????,,
l2_list,l2_17,Multipurpose cash assistance,?????? ?????? ??????? ???????,,
l2_list,l2_18,I don’t know,?? ????,,
l2_list,l2_19,I don’t want to answer,?? ???? ?? ???????,,
l3_list,l3_1,Humanitarian agencies*,???????? ??????????*,,
l3_list,l3_2,Host community,?????? ???????? (???????? / ??????),,
l3_list,l3_3,Local authority (district/village),??????? ??????,,
l3_list,l3_4,Community leader,???? ??????? ???????,,
l3_list,l3_5,Community volunteers,???????? ?? ??????? ???????,,
l3_list,l3_6,Religious groups,???????? ????????,,
l3_list,l3_7,Friends/relatives,????????/ ???????,,
l3_list,l3_8,Traders,?????,,
l3_list,l3_9,I don’t know,?? ????,,
l3_list,l3_10,I don’t want to answer,?? ???? ?? ???????,,
l4_list,l4_1,Fully,????? ??????,,
l4_list,l4_2,Partially,????? ??????,,
l4_list,l4_3,Not satisfied,??? ?????,,
l5_list,l5_1,Assistance provided was not enough (quantity) to cover needs,???????? ???????? ?? ??? ????? (?? ??? ???????) ?????? ??????????,,
l5_list,l5_2,Assistance provided was not good enough (quality) to cover needs,???????? ???????? ?? ??? ????? (?? ??? ????????) ?????? ??????????,,
l5_list,l5_3,Assistance provided not relevant to the priority needs,???????? ???????? ?? ????? ??? ??????????? ??? ?????????,,
l5_list,l5_4,"Assistance was not delivered in a fair, impartial manner",?? ???? ????? ???????? ?????? ????? ??????,,
l5_list,l5_5,Assistance was not delivered in time to address needs,?? ???? ????? ???????? ?? ????? ??????? ?????? ??????????,,
l5_list,l5_6,"Assistance was not free, payment or favours were required",?? ??? ???????? ??????? ?? ???? ????? ???? ???? ?? ???? ??????,,
l5_list,l5_7,Civil documentation required to obtain assistance,??????? ???????? ???????? ?????? ??? ????????,,
l5_list,l5_8,The humanitarian staff who provided the services did not treat the people well,???????? ??????????? ????? ?????? ??????? ?? ??????? ???????? ????? ?????? ????,,
l5_list,l5_9,I had to pay a lot of money to transport the assistance provided or to access the distribution site,????? ???? ??? ???? ???? ???? ???? ???????? ???? ???? ????? ?? ?????? ??? ???? ???????,,
l5_list,l5_10,"The location were the assistance was provided/distributed was not optimal (far away, unsafe, not easy to access, etc.)",?? ??? ?????? ??? ??? ??????? ?????? / ????? ???????? ?????? (???? ???????? ??? ???? ?? ???? ?????? ????? ???.),,
l5_list,l5_11,"The communication about time, location, and requirement of assistance was unclear.",?? ??? ?????? ??????? ??? ?????? ??????? ????? ?????? ??? ???????? ?????,,
l5_list,l5_12,I don’t know,?? ????,,
l5_list,l5_13,I don’t want to answer,?? ???? ?? ???????,,
l6_list,l6_1,Fully,????? ??????,,
l6_list,l6_2,Partially,????? ??????,,
l6_list,l6_3,Not satisfied,??? ?????,,
l8_list,l8_1,Assistance was not required/household was well-off/ did not meet eligibility criteria,?? ??? ????? ??? ???????? / ??? ??? ?????? ??????? ????? / ?? ?????? ???????? ???????? ??????? ?????? ?????,,
l8_list,l8_2,Inadequate distribution systems,??? ??????? ??? ??????,,
l8_list,l8_3,Difficult to access distribution centres,???? ?????? ??? ????? ???????,,
l8_list,l8_4,Poorly informed about humanitarian assistance,???????? ??? ????????? ??????? ??? ???????? ??????????,,
l8_list,l8_5,Didn’t know how to access humanitarian assistance,??? ????? ?????? ?????? ??? ???????? ??????????,,
l10_list,l10_1,How to register for assistance,?????? ??????? ?????? ??? ????????,,
l10_list,l10_2,The security situation here,????? ?????? ??? (?? ???? ???????),,
l10_list,l10_3,The security situation in the place of origin,????? ?????? ?? ???? ??????,,
l10_list,l10_4,Relocation services,????? ????? ??? ???? ???,,
l10_list,l10_5,Family reunification services,????? ??? ??? ??????,,
l10_list,l10_6,How to get food,?????? ?????? ??? ?????? ?????????,,
l10_list,l10_7,How to get shelter/accommodation/shelter materials,?????? ?????? ??? ?????? / ?????? / ???? ???????,,
l10_list,l10_8,How to get water for drinking and/or household purposes,?????? ?????? ??? ???? ????? ?/?? ????????? ???????,,
l10_list,l10_9,How to access to education,?????? ?????? ??? ???????,,
l10_list,l10_10,How to get healthcare/medical attention,?????? ?????? ??? ??????? ??????? / ???????,,
l10_list,l10_11,How to get help after attack or harassment,?????? ?????? ??? ???????? ??? ??????? ??? ???????? ?? ????????,,
l10_list,l10_12,"How to obtain / replace personal documentation (e.g. birth certificate, ID)",????? ?????? ??? ??????? ??????? ?? ??????? (??? ????? ???????? ?????? ????????),,
l10_list,l10_13,How to find work,?????? ????? ???,,
l10_list,l10_14,How to get cash assistance,?????? ?????? ??? ???????? ????????,,
l10_list,l10_15,How to get transport,?????? ?????? ??? ?????,,
l10_list,l10_16,The humanitarian actors providing assistance,?????? ?????????? ??????? ???? ????? ?????????,,
l10_list,l10_17,How to complain about the assistance received,?????? ????? ???? ????? ?????? ??? ?????? ?????,,
l10_list,l10_18,How to register with UNHCR/BRA/IPNA,?????? ??????? ??? ?????? ????? ??????? ????? ???????? / BRA / ????? ?????? ????????? ????????,????? ???? ????? ?????? ??? ???????? ?? ?????? ????????? ?? ?????? ??????? ????????? ,
l10_list,l10_19,Other (please specify),????? (?????? ???????),,
l11_list,l11_1,Community leader,???? ??????? ???????,,
l11_list,l11_2,Places of worship,????? ???????,,
l11_list,l11_3,Government officials,????????? ??????????,,
l11_list,l11_4,Friends/family,??????? / ????????,,
l11_list,l11_5,Humanitarian workers from the UN,???????? ??????????? ?? ????? ????????,,
l11_list,l11_6,Humanitarian workers from local NGOs,???????? ??????????? ?? ???????? ??? ????????? ????????,,
l11_list,l11_7,Humanitarian workers from international NGOs,???????? ??????????? ?? ???????? ??? ????????? ????????,,
l11_list,l11_8,I don’t know,?? ????,,
l11_list,l11_9,I don’t want to answer,?? ???? ?? ???????,,
l12_list,l12_1,Phone call,????? ?????,,
l12_list,l12_2,SMS,???? ?????,,
l12_list,l12_3,WhatsApp,????? WhatsApp,,
l12_list,l12_4,E-mail,????? ??? ?????? ??????????,,
l12_list,l12_5,"Social media (Facebook, Twitter, etc.)",????? ?????? ????????? (???????? ????? ??????),,
l12_list,l12_6,Television,???????,,
l12_list,l12_7,Community gathering/meetings/community-based protection network members,????? / ?????? ??????? ?????? / ????? ???? ??????? ??????????,,
l12_list,l12_8,Private face to face meeting,?????? ??? ????? ????,,
l12_list,l12_9,Newspapers,?????,,
l12_list,l12_10,Billboards,??????? ??????????,,
l12_list,l12_11,Posters,????????,,
l12_list,l12_12,Leaflets,?????????,,
l12_list,l12_13,Loud speakers,??????? ?????,,
l12_list,l12_14,I don’t know,?? ????,,
l12_list,l12_15,I don’t want to answer,?? ???? ?? ???????,,
l13_list,l13_1,Yes,???,,
l13_list,l13_2,No,??,,
l13_list,l13_3,I don’t know,?? ????,,
l16_list,l16_1,Phone call,????? ?????,,
l16_list,l16_2,SMS,???? ?????,,
l16_list,l16_3,WhatsApp,????? WhatsApp,,
l16_list,l16_4,E-mail,????? ??? ?????? ??????????,,
l16_list,l16_5,"Social media (Facebook, Twitter, etc.)",????? ?????? ????????? (???????? ????? ??????),,
l16_list,l16_6,Television,???????,,
l16_list,l16_7,Community gathering/meetings/community-based protection network members,????? / ?????? ??????? ?????? / ????? ???? ??????? ??????????,,
l16_list,l16_8,Private face to face meeting,?????? ??? ????? ????,,
l16_list,l16_9,Newspapers,???????,,
l16_list,l16_10,Billboards,??????? ??????????,,
l16_list,l16_11,Posters,????????,,
l16_list,l16_12,Leaflets,?????????,,
l16_list,l16_13,Loud speakers,??????? ?????,,
l16_list,l16_14,I don’t know,?? ????,,
l16_list,l16_15,I don’t want to answer,?? ???? ?? ???????,,
