type,name,label::English,label::Arabic,hint::English,hint::Arabic,required,read_only,relevant,appearance,constraint,constraint_message,constraint_message::Arabic,choice_filter,default,calculation,repeat_count
start,start,start,???,,,,,,,,,,,,,
end,end,end,?????,,,,,,,,,,,,,
today,today,today,?????,,,,,,,,,,,,,
deviceid,deviceid,deviceid,??? ????? ??????,,,,,,,,,,,,,
begin group,SecHHFormCode,Household Form Code,??? ????? ??????,,,yes,,,,,,,,,,
select_one hh_code,HHCode,How do you want to enter the household code?,??? ???? ????? ??? ???????,,,yes,,,minimal,,,,,,,
end group,,,,,,,,,,,,,,,,
begin group,SecAHHManualCode,Household Listing Code Manual,??? ????? ??????,,,,,"selected(${HHCode}, 'code_1')",,,,,,,,
integer,HHCodeM,Household Code (manual),??? ??????,,,yes,,,,(. >= 100000000 and . <= 999999999),Household code should be 9 digits,??? ?? ????? ??? ?????? ?? 9 ?????,,,,
end group,,,,,,,,,,,,,,,,
begin group,SecAHHBarCode,Household Listing Code Barcode,??? ????? ??????,,,,,"selected(${HHCode}, 'code_2')",,,,,,,,
barcode,HHCodeBC,Household Code (barcode),??? ?????? (????????),,,yes,,,,,,,,,,
end group,,,,,,,,,,,,,,,,
begin group,SecAMetadata,A Metadata,?. ???????? ???????,,,yes,,,,,,,,,,
select_one a1_list,A1_Metadata,A_1,?_1,Select one,???? ????? ?????,yes,,,minimal,,,,,,,
Select_one governorate,A2_Metadata,A_2,?_2,Select one,???? ????? ?????,yes,,,,,,,,,,
Select_one district,A3_Metadata,A_3,?_3,Select one,???? ????? ?????,yes,,,,,,,,,,
Select_one subdistrict,A4_Metadata,A_4,?_4,Select one,???? ????? ?????,yes,,,,,,,,,,
Select_one place,A5_Metadata,A_5,?_5,Select one,???? ????? ?????,yes,,,,,,,,,,
integer,A6_Metadata,A_6,?_6,Enumerator code,???? ??? ??????,yes,,,,(. >= 10000 and . <= 99999),Encoder code should be 5 digits,??? ?? ????? ??? ?????? ?? 5 ?????,,,,
date,A7_Metadata,A_7,?_7,dd-mm-yyyy,???-???-???,yes,,,,(int(${today} - ${A7_Metadata})) <= 30 and (int(${today} - ${A7_Metadata})) >= 0,"Date of Assessment:
- should be within last 30 days
- cannot be in future","????? ?????:
- ??? ?? ???? ?? ???? 30 ???? ???????
- ?? ???? ?? ???? ?? ????????",,,,
time,A8a_Metadata,A_8 From,?_8 ??,From,??,yes,,,,,,,,,,
time,A8b_Metadata,A_8 To,?_8 ???,To,???,yes,,,,,,,,,,
select_one a7_list,A9_Metadata,A_9,?_9,Select one,???? ????? ?????,yes,,,minimal,,,,,,,
end group,,,,,,,,,,,,,,,,
begin group,SecBDemographics1,B Demographics,?. ???????????,,,yes,,,,,,,,,,
select_one yesno,B1_Demographics,B_1,?_1,Select one,???? ????? ?????,yes,,,minimal,,,,,,,
select_multiple b2_list,B2_Demographics,B_2,?_2,Select all applicable,???? ?? ?? ?????,yes,,,minimal,,,,populationFilter=${A1_Metadata},,,
text,B2_Demographics_other,B_2_other,?_2_???,If 6,??? 6,,,"selected(${B2_Demographics}, 'b2_6')",,,,,,,,
integer,B3y_Demographics,B_3 YYYY,?_3,YYYY,YYYY,yes,,,,(. >= 1900 and . <= 2001),Year should be between 1900 and 2001,??? ?? ???? ????? ??? 1900 ? 2001,,2001,,
integer,B3m_Demographics,B_3 MM,?_3,MM,MM,yes,,,,(. >= 1 and . <= 12) or . = 9999,Month should be from 1 to 12,??? ?? ???? ????? ?? 1 ??? 12,,1,,
calculate,B3c_Demographics_AgeCal,Calculate Age,???? ?????,,,,,,minimal,,,,,0,2019-${B3y_Demographics},
select_one b4_list,B4_Demographics,B_4,?_4,Select one,???? ????? ?????,yes,,,minimal,,,,,,,
integer,B5_Demographics,B_5,?_5,Enter Number,???? ???,yes,,,,.>=1,,,,1,,
select_one yesno,B6_Demographics,B_6,?_6,Select one,???? ????? ?????,yes,,,minimal,,,,,,,
end group,,,,,,,,,,,,,,,,
note,B7_RecordHHMembers,B_7,?_7,Please start with the head of the household,?????? ????? ??? ??????,,,,,,,,,,,
begin repeat,B71HHMembers,B.7.1. Record Household Memebers,?.1.7??? ????? ??????,,,,,,,,,,,,,${B5_Demographics}
begin group,B7HHMembersInfo1,Household Member Information,??????? ????? ??????,,,yes,,,field-list,,,,,,,
integer,B711_Serial,B_7.1.1,?_1.1.7,Enter serial number,???? ????? ????????,yes,,,,.>=1,,,,,,
text,B712_Name,B_7.1.2,?_2.1.7,Enter Name,???? ?????,yes,,,,,,,,,,
select_one b713_list,B713_Rel,B_7.1.3,?_3.1.7,Select one,???? ????? ?????,,,,,,,,,,,
end group,,,,,,,,,,,,,,,,
begin group,B7HHMembersInfo2,Household Member Information,??????? ????? ??????,,,yes,,,field-list,,,,,,,
text,B713_Rel_other,B_7.1.3_other,?_3.1.7_???,If 11,??? 11,,,"selected(${B713_Rel}, 'b713_11')",,,,,,,,
select_one gender,B714_Gender,B_7.1.4,?_4.1.7,Select one,???? ????? ?????,yes,,,minimal,,,,,,,
integer,B715_YearBorn,B_7.1.5 YYYY,?_5.1.7 ?????,YYYY .. Input 9999 in case no answer,"YYYY - ????? 9999 ?? ???? ""?? ?????""",yes,,,,(. >= 1900  and . <= 2019) or . = 9999,Year should be between 1900 and 2019,??? ?? ???? ????? ??? 1900 ? 2019,,2001,,
integer,B715_MonthBorn,B_7.1.5 MM,?_5.1.7 ?????,MM .. Input 9999 in case no answer,"MM - ????? 9999 ?? ???? ""?? ?????""",yes,,,,(. >= 1 and . <= 12) or . = 9999,Month should be from 1 to 12,??? ?? ???? ????? ?? 1 ??? 12,,1,,
end group,,,,,,,,,,,,,,,,
begin group,B7HHMembersInfo3,Household Member Information,??????? ????? ??????,,,yes,,${B715_YearBorn} = 9999,field-list,,,,,,,
integer,B716_Age,B_7.1.6,?_6.1.7,Enter Number,???? ???,yes,,,,(. >= 1 and .<=120),Age should be between 1 and 120,??? ?? ?????? ????? ??? 1 ? 120,,1,,
end group,,,,,,,,,,,,,,,,
begin group,B7HHMembersInfo4,Household Member Information,??????? ????? ??????,,,yes,,,field-list,,,,,,,
note,B716_AgeCalc,Calculate Age,???? ?????,,,,,,,,,,,0,"if(${B715_YearBorn} = 9999, ${B716_Age}, 2019-${B715_YearBorn})",
calculate,B7_SchoolAgeMember,School Age Member,??? ?? ???????,,,,,,,,,,,0,"if(${B716_AgeCalc} >= 6 and ${B716_AgeCalc} <=18,1,0)",
calculate,B7_AdultMale,Adult Male,??? ??????,,,,,,,,,,,0,"if(selected(${B714_Gender}, 'male') and ${B716_AgeCalc} >=18,1,0)",
calculate,B7_AdultFemale,Adult Female,???? ??????,,,,,,,,,,,0,"if(selected(${B714_Gender}, 'female') and ${B716_AgeCalc} >=18,1,0)",
calculate,B7_Child,Child,???,,,,,,,,,,,0,"if(${B716_AgeCalc} <18,1,0)",
calculate,B7_SeparatedChild,Separated Child,??? ?????,,,,,,,,,,,0,"if(selected(${B713_Rel}, 'b713_11') and ${B716_AgeCalc} <18,1,0)",
calculate,B7_Over60Female,Over 60 Female,???? ?? 60 ????,,,,,,,,,,,0,"if(selected(${B714_Gender}, 'female') and ${B716_AgeCalc} > 60,1,0)",
end group,,,,,,,,,,,,,,,,
begin group,B7HHMembersInfo5,Household Member Information,??????? ????? ??????,,,yes,,,field-list,,,,,,,
select_one b717_list,B717_Residence,B_7.1.7,?_6.1.7,Select one,???? ????? ?????,yes,,,minimal,,,,,,,
select_one yesno,B718_MemInCountry,B_7.1.8,?_8.1.7,Select one,???? ????? ?????,yes,,,,,,,,,,
select_one b719_list,B719_CivilDoc,B_7.1.9,?_9.1.7,Select one,???? ????? ?????,yes,,,,,,,,,,
select_one b7110_list,B7110_MaritalStatus,B_7.1.10,?_10.1.7,Select one,???? ????? ?????,yes,,,,,,,,,,
select_one yesno,B7111_MarriedWomen,B_7.1.11,?_11.1.7,Select one,???? ????? ?????,yes,,${B7_AdultFemale} = 1,,,,,,,,
select_one b7112_list,B7112_SchoolEnrolment,B_7.1.12,?_12.1.7,Select one,???? ????? ?????,yes,,${B7_SchoolAgeMember} = 1,,,,,,,,
end group,,,,,,,,,,,,,,,,
begin group,B7HHMembersInfo6,Household Member Information,??????? ????? ??????,,,yes,,"selected(${B7112_SchoolEnrolment}, 'b7112_3')",field-list,,,,,,,
select_one b7113_list,B7113_NotEnrolmentReason,B_7.1.13,?_13.1.7,Select one,???? ????? ?????,yes,,,,,,,,,,
end group,,,,,,,,,,,,,,,,
begin group,B7HHMembersInfo7,Household Member Information,??????? ????? ??????,,,yes,,"selected(${B7113_NotEnrolmentReason}, 'b7113_11')",field-list,,,,,,,
text,B7113_NotEnrolmentReason_other,B_7.1.13_other,?_13.1.7_???,If 11,??? 11,yes,,,,,,,,,,
end group,,,,,,,,,,,,,,,,
begin group,B7HHMembersInfo8,Household Member Information,??????? ????? ??????,,,yes,,,field-list,,,,,,,
select_one b7114_list,B7114_HLEducation,B_7.1.14,?_14.1.7,Select one,???? ????? ?????,yes,,,,,,,,,,
select_one b7115_list,B7115_Income,B_7.1.15,?_15.1.7,Select one,???? ????? ?????,yes,,,,,,,,,,
select_one b7116_list,B7116_EconomicActivity,B_7.1.16,?_16.1.7,Select one,???? ????? ?????,yes,,,,,,,,,,
end group,,,,,,,,,,,,,,,,
begin group,B7HHMembersInfo9,Household Member Information,??????? ????? ??????,,,yes,,"selected(${B7116_EconomicActivity}, 'b7116_13')",field-list,,,,,,,
text,B7116_EconomicActivity_other,B_7.1.16_other,?_16.1.7_???,If 13,??? 13,yes,,,,,,,,,,
end group,,,,,,,,,,,,,,,,
begin group,B7HHMembersInfo10,Household Member Information,??????? ????? ??????,,,yes,,,field-list,,,,,,,
select_one yesno,B7117_ChronicDiseases,B_7.1.17,?_17.1.7,Select one,???? ????? ?????,yes,,,,,,,,,,
select_one yesno,B7118_PsychologicalDiseases,B_7.1.18,?_18.1.7,Select one,???? ????? ?????,yes,,,,,,,,,,
end group,,,,,,,,,,,,,,,,
begin group,B72HHMemberDiff,Member Difficulties,?????? ???????,,,yes,,,field-list,,,,,,,
note,B72_DifficultyNote,"B.7.2: For each member of the household, ask about difficulties they may have faced because of the following:",?.7.2: ???? ?? ??? ?? ????? ?????? ?? ???????? ???? ?? ?????? ??????? ???? ????? ?????? ??????:,,,,,,,,,,,,,
select_one b72_list,B72_Vision,B_7.2.2,?_2.2.7,Select one,???? ????? ?????,yes,,,minimal,,,,,,,
select_one b72_list,B72_Hearing,B_7.2.3,?_3.2.7,Select one,???? ????? ?????,yes,,,minimal,,,,,,,
select_one b72_list,B72_Mobility,B_7.2.4,?_4.2.7,Select one,???? ????? ?????,yes,,,minimal,,,,,,,
select_one b72_list,B72_Communication,B_7.2.5,?_5.2.7,Select one,???? ????? ?????,yes,,,minimal,,,,,,,
select_one b72_list,B72_Cognition,B_7.2.6,?_6.2.7,Select one,???? ????? ?????,yes,,,minimal,,,,,,,
select_one b72_list,B72_SelfCare,B_7.2.7,?_7.2.7,Select one,???? ????? ?????,yes,,,minimal,,,,,,,
select_one yesno,B72_DirectlyInterviewed,B_7.2.8,?_8.2.7,Select one,???? ????? ?????,yes,,,minimal,,,,,,,
end group,,,,,,,,,,,,,,,,
calculate,B7_RepeatNumber,RepeatNumber,??? ?????,,,,,,,,,,,1,1,
end repeat,,,,,,,,,,,,,,,,
calculate,B7_HHMembersCount,Total members living with HH,????? ??????? ????? ?????? ?? ??????,,,yes,,,,,,,,,sum(${B7_RepeatNumber}),
calculate,B7_SchoolAgeMembersCount,Total School Age Members,?????? ??? ????? ?? ???????,,,yes,,,,,,,,,sum(${B7_SchoolAgeMember}),
calculate,B7_SeparatedChildren,Total Separated Children,????? ??????? ?????????,,,yes,,,,,,,,,sum(${B7_SeparatedChild}),
calculate,B7_AdultMales,Total Adult Males,????? ?????? ????????,,,yes,,,,,,,,,sum(B7_AdultMale),
calculate,B7_AdultFemales,Total Adult Females,????? ?????? ????????,,,yes,,,,,,,,,sum(B7_AdultFemale),
calculate,B7_Children,Children,???????,,,yes,,,,,,,,,sum(B7_Child),
calculate,B7_Over60Females,Total Over 60 Females,??????? ???? ?? 60 ????,,,yes,,,,,,,,,sum(B7_Over60Female),
note,B7_HHMembersNote,Total number of household members mentioned in B_5 (${B5_Demographics}) doesn't match with the members entered in B.7.1. 'Record Household Memebers' (${B7_HHMembersCount}),"?????? ??? ????? ?????? ???????? ?? (${B5_Demographics}) B_5 ?? ?????? ?? ????? ????? ?? B.7.1. ""??? ????? ??????"" (${B7_HHMembersCount})",,,,,${B7_HHMembersCount} != ${B5_Demographics} ,,${B7_HHMembersCount} = ${B5_Demographics} ,,,,,,
begin group,SecBDemographics2,B Demographics,?. ???????????,,,yes,,,,,,,,,,
select_one yesno,B8_Present,B_8,?_8,Select one,???? ????? ?????,yes,,,minimal,,,,,,,
end group,,,,,,,,,,,,,,,,
begin group,SecCDisplacementDynamics1,C IDPs/Refugees/Migrant,? . ???????? ??????,,,yes,,,,,,,,,,
select_one c1_list,C1_DisplacementStatus,C_1,??_1,Select one,???? ????? ?????,yes,,"selected(${A1_Metadata}, 'a1_2')",minimal,,,,,,,
select_one governorate,C2g_DisplacementStatus,C_2G,??_2 ????????,Select one,???? ????? ?????,yes,,"selected(${A1_Metadata}, 'a1_2')","search('locationset','matches','countryid',1)",,,,,,,
select_one district,C2d_DisplacementStatus,C_2D,??_2 ????????,Select one,???? ????? ?????,yes,,"selected(${A1_Metadata}, 'a1_2')","search('locationset', 'matches', 'governorate_key', ${C2g_DisplacementStatus})",,,,,,,
select_one district,C2s_DisplacementStatus,C_2S,??_2 ???????- ???????,Select one,???? ????? ?????,yes,,"selected(${A1_Metadata}, 'a1_2')","search('locationset', 'matches', 'district_key', ${C2d_DisplacementStatus})",,,,,,,
select_one place,C2l_DisplacementStatus,C_2L,??_2 ??????,Displaced location and place of origin cannot be same,?????? ??????? ????? ?????? ?? ???? ?? ????? ????????,yes,,"selected(${A1_Metadata}, 'a1_2')","search('locationset', 'matches', 'subdistrict_key', ${C2s_DisplacementStatus})",,,,,,,
select_one c3_list,C3_DisplacementStatus,C_3,??_3,Select one,???? ????? ?????,yes,,"selected(${A1_Metadata}, 'a1_4') or selected(${A1_Metadata}, 'a1_5')",minimal,,,,,,,
text,C3_DisplacementStatus_other,C_3_other,??_3_???,If 7,??? 7,yes,,"selected(${C3_DisplacementStatus}, 'c3_7')",,,,,,,,
select_one c4_list,C4_DisplacementStatus,C_4,??_4,Select one,???? ????? ?????,yes,,"selected(${A1_Metadata}, 'a1_4') or selected(${A1_Metadata}, 'a1_5')",minimal,,,,,,,
integer,C5_DisplacementStatus,C_5,??_5,please specify the number of months,???? ????? ??? ??????,yes,,"selected(${A1_Metadata}, 'a1_2') or selected(${A1_Metadata}, 'a1_4') or selected(${A1_Metadata}, 'a1_5')",,,,,,,,
select_multiple c6_list,C6_DisplacementStatus,C_6,??_6,Select up to three,????  ????? ??????,yes,,"selected(${A1_Metadata}, 'a1_2') or selected(${A1_Metadata}, 'a1_4') or selected(${A1_Metadata}, 'a1_5')",minimal,"not((selected(., 'c6_11') and count-selected(.) >=2)) and not((selected(., 'c6_12') and count-selected(.) >=2)) and count-selected(.) <= 3 and count-selected(.) >= 1 ",Dont Know or don’t want to answer can not be selected with other option and the maximum options that can be selected are 3,?? ???? ?????? ?? ???? ?? ?? ???? ???? ??? ???? ?????? ???? ?? 3 ??????,,,,
select_multiple c7_list,C7_DisplacementStatus,C_7,??_7,Select all applicable,???? ?? ?? ?????,yes,,"selected(${A1_Metadata}, 'a1_4') or selected(${A1_Metadata}, 'a1_5')",minimal,"not((selected(., 'c7_9') and count-selected(.) >=2)) and not((selected(., 'c7_10') and count-selected(.) >=2)) and not((selected(., 'c7_11') and count-selected(.) >=2)) and count-selected(.) >= 1","None, don't Know or don’t want to answer can not be selected with other option and at least 1 option needs to be selected",?? ???? ?????? ?? ???? ?? ?? ???? ????,,,,
select_multiple c8_list,C8_DisplacementStatus,C_8,??_8,Select top three,???? ??? ????? ?????,yes,,"selected(${A1_Metadata}, 'a1_2') or selected(${A1_Metadata}, 'a1_4') or selected(${A1_Metadata}, 'a1_5')",minimal,"not((selected(., 'c8_8') and count-selected(.) >=2)) and not((selected(., 'c8_9') and count-selected(.) >=2)) and count-selected(.) <= 3 and count-selected(.) >= 1 ",Dont Know or don’t want to answer can not be selected with other option and the maximum options that can be selected are 3,?? ???? ?????? ?? ???? ?? ?? ???? ???? ??? ???? ?????? ???? ?? 3 ??????,populationFilter=${A1_Metadata},,,
select_one c9_10_list,C9_DisplacementStatus,C_9,??_9,Select one ,???? ????? ?????,yes,,"selected(${A1_Metadata}, 'a1_2') or selected(${A1_Metadata}, 'a1_4') or selected(${A1_Metadata}, 'a1_5')",minimal,,,,,,,
select_one c9_10_list,C10_DisplacementStatus,C_10,??_10,Select one ,???? ????? ?????,yes,,"selected(${A1_Metadata}, 'a1_2') or selected(${A1_Metadata}, 'a1_4') or selected(${A1_Metadata}, 'a1_5')",minimal,,,,,,,
end group,,,,,,,,,,,,,,,,
begin group,SecDPriorityNeeds,D Priority Needs,? . ?????????? ??? ????????,,,yes,,,,,,,,,,
note,D1_PriorityNeeds,D.1: Specify the TOP 3 priority needs of your household,"? .1: ????? ??? ????? ???????? ??????

",(rank top three),(???? ??? ???? ????????),,,,,,,,,,,
select_one d1_list,D1a_PriorityNeeds,D.1a,?.1.?,(select one) ,(???? ????? ?????),yes,,,minimal,,,,,,,
select_one d1_list,D1b_PriorityNeeds,D.1b,?.1.?,(select one) ,(???? ????? ?????),yes,,"not(selected(${D1a_PriorityNeeds}, 'd1_18')) and not(selected(${D1a_PriorityNeeds}, 'd1_19'))",minimal, ${D1a_PriorityNeeds} != ${D1b_PriorityNeeds},Second need must be different than the first one,?????? ??????? ??? ?? ???? ?????? ?? ??????,,,,
select_one d1_list,D1c_PriorityNeeds,D.1c,?.1.?,(select one) ,(???? ????? ?????),yes,,"not(selected(${D1a_PriorityNeeds}, 'd1_18')) and not(selected(${D1a_PriorityNeeds}, 'd1_19')) and not(selected(${D1b_PriorityNeeds}, 'd1_18')) and not(selected(${D1b_PriorityNeeds}, 'd1_19'))",minimal,${D1a_PriorityNeeds} != ${D1c_PriorityNeeds} and ${D1c_PriorityNeeds} != ${D1b_PriorityNeeds},Third need must be different than the first and second,?????? ??????? ??? ?? ???? ?????? ?? ?????? ????????,,,,
select_multiple d2_list,D2_PriorityNeeds,D_2,?_2,Select all applicable,???? ?? ?? ?????,yes,,,minimal,"not((selected(., 'd2_7') and count-selected(.) >=2)) and count-selected(.) >= 1",None can not be selected with other option and at least 1 option needs to be selected,?? ???? ?????? ?? ???? ?? ?? ???? ????,,,,
end group,,,,,,,,,,,,,,,,
begin group,SecEShelterNFICCCM,E Shelter/NFI/CCCM,?? . ?????? ? ????? ?????? ???????? ? ?????? ??? ????????,,,yes,,,,,,,,,,
select_one yesno,E11_ShelterNFICCCM,E_1.1,??_1.1,Select one,???? ????? ?????,yes,,"selected(${A1_Metadata}, 'a1_2')",minimal,,,,,,,
select_one e12_list,E12_ShelterNFICCCM,E_1.2,??_2.1,Select one,???? ????? ?????,yes,,,minimal,,,,,,,
select_one e13_list,E13_ShelterNFICCCM,E_1.3,??_3.1,Select one,???? ????? ?????,yes,,"selected(${E12_ShelterNFICCCM}, 'e1b_2') or selected(${E12_ShelterNFICCCM}, 'e1b_5') or selected(${E12_ShelterNFICCCM}, 'e1b_6')",minimal,,,,,,,
select_one e14_list,E14_ShelterNFICCCM,E_1.4,??_4.1,Select one,???? ????? ?????,yes,,"selected(${E12_ShelterNFICCCM}, 'e1b_2') or selected(${E12_ShelterNFICCCM}, 'e1b_5') or selected(${E12_ShelterNFICCCM}, 'e1b_6')",minimal,,,,,,,
select_one e2_list,E2_ShelterNFICCCM,E_2,??_2,Select one,???? ????? ?????,yes,,"selected(${E12_ShelterNFICCCM}, 'e1b_4')",minimal,,,,,,,
select_one e3_list,E3_ShelterNFICCCM,E_3,??_3,Select one,???? ????? ?????,yes,,"selected(${E2_ShelterNFICCCM}, 'e2_1')",minimal,,,,,,,
select_multiple e4_list,E4_ShelterNFICCCM,E_4,??_4,Select all applicable,???? ?? ?? ?????,yes,,,minimal,,,,,,,
select_multiple e5_list,E5_ShelterNFICCCM,E_5,??_5,Select all applicable,???? ?? ?? ?????,yes,,"not(selected(${E12_ShelterNFICCCM}, 'e1b_1'))",minimal,"not((selected(., 'e5_3') and count-selected(.) >=2)) and count-selected(.) >= 1","""No, there is no damage to our shelter/household"" can not be selected with other options","?? ? ?? ???? ?? ??? ?????? / ?????? ????? '?? ???? ?????? ?? ?????? ????",,,,
select_one e6_list,E6_ShelterNFICCCM,E_6,??_6,Select one,???? ????? ?????,yes,,"not(selected(${E5_ShelterNFICCCM}, 'e5_3'))",minimal,,,,,,,
select_multiple e7_list,E7_ShelterNFICCCM,E_7,??_7,Select top three,???? ??? ????? ?????,yes,,"selected(${A1_Metadata}, 'a1_2') and not(selected(${E5_ShelterNFICCCM}, 'e5_3'))",minimal,"not((selected(., 'e7_9') and count-selected(.) >=2)) and not((selected(., 'e7_10') and count-selected(.) >=2)) and not((selected(., 'e7_11') and count-selected(.) >=2)) and count-selected(.) <= 3",Dont Know or don’t want to answer can not be selected with other options,?? ???? ?????? ?? ???? ?? ?? ???? ????,,,,
select_one e8_list,E8_ShelterNFICCCM,E_8,??_8,Select one,???? ????? ?????,yes,,,minimal,,,,,,,
select_one e9_list,E9_ShelterNFICCCM,E_9,??_9,Select one,???? ????? ?????,yes,,"selected(${A1_Metadata}, 'a1_2')",minimal,,,,,,,
select_one e10_list,E10_ShelterNFICCCM,E_10,??_10,Select one,???? ????? ?????,yes,,"selected(${A1_Metadata}, 'a1_2') or selected(${A1_Metadata}, 'a1_4') or selected(${A1_Metadata}, 'a1_5')",minimal,,,,populationFilter=${A1_Metadata},,,
end group,,,,,,,,,,,,,,,,
begin group,SecFWASH,F WASH,?. ?????? ???????? ?????? ?????,,,yes,,,,,,,,,,
select_one f11_list,F11_WASH,F_1.1,?_1.1,Select one,???? ????? ?????,yes,,,minimal,,,,,,,
text,C3_DisplacementStatus_other,F_1.1_other,?_1.1_???,If 11,??? 11,yes,,"selected(${F11_WASH}, 'f11_11')",,,,,,,,
select_multiple f12_list,F12_WASH,F_1.2,?_2.1,Select all applicable ,???? ?? ?? ?????,yes,,,minimal,,,,,,,
text,F12_WASH_other,F_1.2_other,?_2.1_???,If 7,??? 7,yes,,"selected(${F12_WASH}, 'f12_7')",,,,,,,,
select_one f13_list,F13_WASH,F_1.3,?_3.1,Select one,???? ????? ?????,yes,,,minimal,,,,,,,
select_one f14_list,F14_WASH,F_1.4,?_4.1,Select all applicable ,???? ????? ?????,yes,,,minimal,"not((selected(., 'f14_4') and count-selected(.) >=2)) and not((selected(., 'f14_5') and count-selected(.) >=2)) and not((selected(., 'f14_6') and count-selected(.) >=2)) and count-selected(.) >= 1",“Yes” and “No” options together cannot be selected,"?? ???? ????? ?????? ""???"" ? ""??"" ????",,,,
integer,F15_WASH,F_1.5,?_5.1,Enter Water Quantity,???? ???? ?????,yes,,,minimal,.>0,Cannot be 0,?? ???? ?? ???? 0,,0,,
integer,F16_WASH,F_1.6,?_6.1,Enter Amount in YER,???? ?????? ??????? ??????,yes,,,minimal,,,,,0,,
select_multiple f17_list,F17_WASH,F_1.7,?_7.1,Select all applicable ,???? ?? ?? ?????,yes,,,minimal,"not((selected(., 'f17_6') and count-selected(.) >=2)) and count-selected(.) >= 1","""No containers"" can not be selected with other options","?? ???? ????? ""?? ???? ?? ?????"" ?? ?????? ????",,,,
text,F17_WASH_other,F_1.7_other,?_7.1_???,If 7,??? 7,yes,,"selected(${F17_WASH}, 'f17_7')",,,,,,,,
integer,F18_WASH,F_1.8,?_8.1,Enter total water storage capacity,???? ?????? ??? ????? ??????,yes,,,,,,,,0,,
select_one f19_list,F19_WASH,F_1.9,?_9.1,Select one,???? ????? ?????,yes,,,minimal,,,,,,,
select_multiple f110_list,F110_WASH,F_1.10,?_10.1,Select all applicable ,???? ???? - ???? 9999 ??? ??? ?? ???? ? 8888 ??? ??? ?? ???? ???????,yes,,,,"not((selected(., 'f110_5') and count-selected(.) >=2)) and count-selected(.) >= 1","""No problems"" can not be selected with other options","?? ???? ????? ""?? ???? ?????"" ?? ?????? ????",,,,
text,F110_WASH_other,F_1.10_other,?_10.1_???,If 6,??? 10,yes,,"selected(${F110_WASH}, 'f110_6')",,,,,,,,
select_one yesno,F21_WASH,F_2.1,?_1.2,Select one,???? ????? ?????,yes,,,minimal,,,,,,,
select_one f22_list,F22_WASH,F.2.2,?_2.2,Select one,???? ????? ?????,yes,,"selected(${F21_WASH}, 'yes')",minimal,,,,,,,
select_multiple f23_list,F23_WASH,F.2.3,?_3.2,Select all applicable ,???? ?? ?? ?????,yes,,,minimal,"not((selected(., 'f23_10') and count-selected(.) >=2)) and count-selected(.) >= 1","""None"" can not be selected with other options","?? ???? ????? ""?? ?? ??? ???? ??? ??  ???? ???????"" ?? ?????? ????",,,,
select_multiple f24_list,F24_WASH,F.2.4,?_4.2,Select all applicable ,???? ?? ?? ?????,yes,,,minimal,"not((selected(., 'f24_9') and count-selected(.) >=2)) and count-selected(.) >= 1","""We never wash our hands"" can not be selected with other options","?? ???? ????? ""?? ???? ?????? ?????"" ?? ?????? ????",,,,
select_one f25_list,F25_WASH,F.2.5,?_5.2,Select one,???? ????? ?????,yes,,,minimal,,,,,,,
select_one f26_list,F26_WASH,F.2.6,?_6.2,Select one,???? ????? ?????,yes,,"selected(${F25_WASH}, 'f25_1') or selected(${F25_WASH}, 'f25_2')",minimal,,,,,,,
select_one f311_list,F311_WASH,F.3.1.1,?_1.1.3,Select one,???? ????? ?????,yes,,,minimal,,,,,,,
select_one f312_list,F312_WASH,F.3.1.2,?_1.2.3,Select one,???? ????? ?????,yes,,"not(selected(${F311_WASH}, 'f311_6'))",,,,,,,,
select_one f32_list,F32_WASH,F.3.2,?_2.3,Select one,???? ????? ?????,yes,,,,,,,,,,
select_multiple f33_list,F33_WASH,F.3.3,?_3.3,Select all applicable ,???? ?? ?? ?????,yes,,"not(selected(${F32_WASH}, 'f32_1'))",,,,,,,,
text,F33_WASH_other,F.3.3_other,?_3.3_???,If 10,??? 10,yes,,"selected(${F33_WASH}, 'f33_10')",,,,,,,,
select_one f34_list,F34_WASH,F.3.4,?_3.4,Select one,???? ????? ?????,yes,,,,,,,,,,
select_one f35_list,F35_WASH,F.3.5,?_5.3,Select one,???? ????? ?????,yes,,,minimal,,,,,,,
end group,,,,,,,,,,,,,,,,
begin group,SecGEducation,G. Education,?. ???????,,,yes,,,,,,,,,,
select_one g1_list,G1_Education,G_1,?_1,Select one,???? ????? ?????,yes,,,minimal,,,,,,,
select_multiple g21_list,G21_Education,G_2.1,?_2.1,Select all applicable ,???? ?? ?? ?????,yes,,"selected(${G1_Education}, 'yes')",minimal,"not((selected(., 'g21_15') and count-selected(.) >=2)) and not((selected(., 'g21_16') and count-selected(.) >=2)) and count-selected(.) >= 1 ",Dont Know or don’t want to answer can not be selected with other option,?? ???? ?????? ?? ???? ?? ?? ???? ????,,,,
text,G21_Education_other,G_2.1_other,?_2.1_???,If 14,??? 14,yes,,"selected(${G21_Education}, 'g21_14')",,,,,,,,
select_multiple g22_list,G22_Economic,G_2.2,?_2.2,Select all applicable ,???? ?? ?? ?????,yes,,"selected(${G1_Education}, 'yes')",minimal,"not((selected(., 'g22_5') and count-selected(.) >=2)) and not((selected(., 'g22_6') and count-selected(.) >=2)) and count-selected(.) >= 1 ",Dont Know or don’t want to answer can not be selected with other option,?? ???? ?????? ?? ???? ?? ?? ???? ????,,,,
text,G22_Economic_other,G_2.2_other,?_2.2_???,If 4,??? 4,yes,,"selected(${G22_Economic}, 'g22_4')",,,,,,,,
select_multiple g23_list,G23_Health,G_2.3,?_3.2,Select all applicable ,???? ?? ?? ?????,yes,,"selected(${G1_Education}, 'yes')",minimal,"not((selected(., 'g23_9') and count-selected(.) >=2)) and not((selected(., 'g23_10') and count-selected(.) >=2)) and count-selected(.) >= 1 ",Dont Know or don’t want to answer can not be selected with other option,?? ???? ?????? ?? ???? ?? ?? ???? ????,,,,
text,G23_Health_other,G_2.3_other,?_3.2_???,If 8,??? 8,yes,,"selected(${G23_Health}, 'g23_8')",,,,,,,,
select_multiple g24_list,G24_Social,G_2.4,?_4.2,Select all applicable ,???? ?? ?? ?????,yes,,"selected(${G1_Education}, 'yes')",minimal,"not((selected(., 'g24_6') and count-selected(.) >=2)) and not((selected(., 'g24_7') and count-selected(.) >=2)) and count-selected(.) >= 1 ",Dont Know or don’t want to answer can not be selected with other option,?? ???? ?????? ?? ???? ?? ?? ???? ????,,,,
text,G24_Social_other,G_2.4_other,?_4.2_???,If 5,??? 5,yes,,"selected(${G24_Social}, 'g24_5')",,,,,,,,
select_multiple g3_list,G3_Education,G_3,?_3,Select all applicable ,???? ??? 5 ?????,yes,,,minimal,"not((selected(., 'g3_23') and count-selected(.) >=2)) and not((selected(., 'g3_24') and count-selected(.) >=2)) and count-selected(.) >= 1 ",Dont Know or don’t want to answer can not be selected with other option,?? ???? ?????? ?? ???? ?? ?? ???? ????,,,,
text,G3_Education_other,G_3_other,?_3_???,If 22,??? 22,yes,,"selected(${G3_Education}, 'g3_22')",,,,,,,,
select_one g4_list,G4_Education,G_4,?_4,Select one,???? ????? ?????,yes,,,minimal,,,,,,,
select_one g5_list,G5_Education,G_5,?_5,Select one,???? ????? ?????,yes,,,minimal,,,,,,,
select_multiple g6_list,G6_Education,G_6,?_6,Select all applicable,???? ?? ?? ?????,yes,,"selected(${G5_Education}, 'g5_2') or selected(${G5_Education}, 'g5_3')",minimal,"not((selected(., 'g6_7') and count-selected(.) >=2)) and not((selected(., 'g6_8') and count-selected(.) >=2)) and count-selected(.) >= 1 ",Dont Know or don’t want to answer can not be selected with other option,?? ???? ?????? ?? ???? ?? ?? ???? ????,,,,
text,G6_Education_other,G_6_other,?_6_???,If 6,??? 6,yes,,"selected(${G6_Education}, 'g6_6')",,,,,,,,
end group,,,,,,,,,,,,,,,,
begin group,SecHHealth,H. Health,??. ?????,,,yes,,,,,,,,,,
select_one h1_list,H1_Health,H_1,??_1,Select one,???? ????? ?????,yes,,,minimal,,,,,,,
select_multiple h2_list,H2_Health,H_2,??_2,Select all applicable,???? ?? ?? ?????,yes,,"selected(${H1_Health}, 'h1_1')",minimal,"not((selected(., 'h2_25') and count-selected(.) >=2)) and not((selected(., 'h2_26') and count-selected(.) >=2)) and count-selected(.) >= 1 ",Dont Know or don’t want to answer can not be selected with other option,?? ???? ?????? ?? ???? ?? ?? ???? ????,,,,
text,H2_Health_other,H_2_other,??_2_???,If 24,??? 24,yes,,"selected(${H2_Health}, 'h2_24')",,,,,,,,
select_one yesno,H3_1_Health,H_3.1,??_1.3,Select one,???? ????? ?????,yes,,,minimal,,,,,,,
begin repeat,SecHHealthMemberDied,Household member died,???? ??? ????? ??????,,,,,"selected(${H3_1_Health}, 'yes')",,,,,,,,
integer,H3_2_1Health,H_3.2.1,??_1.2.3,Enter serial number,???? ????? ????????,yes,,,,,,,,,,
select_one h322_list,H3_2_2Health,H_3.2.2,??_2.2.3,Select one,???? ????? ?????,yes,,,,,,,,,,
select_one gender,H3_2_3Health,H_3.2.3,??_3.2.3,Select one,???? ????? ?????,yes,,,,,,,,,,
text,H3_2_4Health,H_3.2.4,??_4.2.3,???? ??????? ??????,Enter Health Problem,yes,,,,,,,,,,
end repeat,,,,,,,,,,,,,,,,
select_one h4_list,H4_Health,H_4,??_4,Select one,???? ????? ?????,yes,,,minimal,,,,,,,
select_multiple h5_list,H5_Health,H_5,??_5,Select All Applicable,???? ?? ?? ?????,yes,,"not(selected(${H4_Health}, 'h4_2'))",minimal,"not((selected(., 'h5_10') and count-selected(.) >=2)) and not((selected(., 'h5_11') and count-selected(.) >=2)) and count-selected(.) >= 1 ",Dont Know or don’t want to answer can not be selected with other option,?? ???? ?????? ?? ???? ?? ?? ???? ????,,,,
text,H5_Health_other,H_5_other,??_5_???,If 9,??? 9,yes,,"selected(${H5_Health}, 'h5_9')",,,,,,,,
select_one h6_list,H6_Health,H_6,??_6,Select one,???? ????? ?????,yes,,"not(selected(${H4_Health}, 'h4_2'))",minimal,,,,,,,
select_multiple h7_list,H7_Health,H_7,??_7,Select All Applicable,???? ?? ?? ?????,yes,,"not(selected(${H4_Health}, 'h4_2'))",minimal,"not((selected(., 'h7_15') and count-selected(.) >=2)) and not((selected(., 'h7_16') and count-selected(.) >=2)) and not((selected(., 'h7_17') and count-selected(.) >=2)) and count-selected(.) >= 1 ",Dont Know or don’t want to answer can not be selected with other option,?? ???? ?????? ?? ???? ?? ?? ???? ????,,,,
select_multiple h8_list,H8_Health,H_8,??_8,Select All Applicable,???? ?? ?? ?????,yes,,"not(selected(${H4_Health}, 'h4_2')) and not(selected(${H7_Health}, 'h7_15'))",,"not((selected(., 'h8_16') and count-selected(.) >=2)) and not((selected(., 'h8_17') and count-selected(.) >=2)) and count-selected(.) >= 1 ",Dont Know or don’t want to answer can not be selected with other option,?? ???? ?????? ?? ???? ?? ?? ???? ????,,,,
select_one h9_list,H9_Health,H_9,??_9,Select one,???? ????? ?????,yes,,"not(selected(${H4_Health}, 'h4_2')) and not(selected(${H7_Health}, 'h7_15'))",minimal,,,,,,,
integer,H10_Health,H_10,??_10,Enter Amount in YER,???? ?????? ??????? ??????,yes,,"selected(${H9_Health}, 'h9_1')",minimal,.>0,Cannot be 0,?? ???? ?? ???? 0,,0,,
select_one h11_list,H11_Health,H_11,??_11,Select one,???? ????? ?????,yes,,"not(selected(${H4_Health}, 'h4_2')) and not(selected(${H7_Health}, 'h7_15'))",minimal,,,,,,,
select_multiple h12_list,H12_Health,H_12,??_12,Select top three three,???? ??? ?????,yes,,"selected(${H11_Health}, 'h11_2')",minimal,count-selected(.) >= 1  and count-selected(.) <= 3,Only three options can be selected,???? ????? ????? ?????? ???,,,,
text,H12_Health_other,H_12_other,??_12_???,If 8,??? 8,yes,,"selected(${H12_Health}, 'h12_8')",,,,,,,,
select_multiple h13_list,H13_Health,H_13,??_13,Select top three three,???? ??? ?????,yes,,"selected(${H11_Health}, 'h11_2')",minimal,"not((selected(., 'h13_13') and count-selected(.) >=2)) and not((selected(., 'h13_14') and count-selected(.) >=2)) and not((selected(., 'h13_15') and count-selected(.) >=2)) and count-selected(.) >= 1  and count-selected(.) <= 3",Dont Know or don’t want to answer can not be selected with other option - Only three options can be selected,?? ???? ?????? ?? ???? ?? ?? ???? ???? - ???? ????? ????? ?????? ???,,,,
text,H13_Health_other,H_13_other,??_13_???,If 12,??? 12,yes,,"selected(${H13_Health}, 'h13_12')",,,,,,,,
select_multiple h14_list,H14_Health,H_14,??_14,Select All Applicable,???? ?? ?? ?????,yes,,,,"not((selected(., 'h14_10') and count-selected(.) >=2)) and not((selected(., 'h14_11') and count-selected(.) >=2)) and not((selected(., 'h14_12') and count-selected(.) >=2)) and count-selected(.) >= 1",Dont Know or don’t want to answer can not be selected with other option,?? ???? ?????? ?? ???? ?? ?? ???? ????,,,,
select_one h15_list,H15_Health,H_15,??_15,Select one,???? ????? ?????,yes,,,,,,,,,,
select_one yesno,H16_Health,H_16,??_16,Select one,???? ????? ?????,yes,,,minimal,,,,,,,
select_one h17_list,H17_Health,H_17,??_17,Select one,???? ????? ?????,yes,,"selected(${H16_Health}, 'yes')",minimal,,,,,,,
integer,H18_Health,H_18,??_18,Enter amount-YER 2Input 9999 if don't know and 8888 if don’t want to answer,???? ???? - ???? 9999 ??? ??? ?? ???? ? 8888 ??? ??? ?? ???? ???????,yes,,"not(selected(${H17_Health}, 'h17_1'))",,,,,,,,
select_multiple h19_list,H19_Health,H_19,??_19,Select all applicable,???? ?? ?? ?????,yes,,"selected(${H16_Health}, 'yes')",minimal,"not((selected(., 'h19_14') and count-selected(.) >=2)) and not((selected(., 'h19_15') and count-selected(.) >=2)) and not((selected(., 'h19_16') and count-selected(.) >=2)) and count-selected(.) >= 1",Dont Know or don’t want to answer can not be selected with other option,?? ???? ?????? ?? ???? ?? ?? ???? ????,,,,
end group,,,,,,,,,,,,,,,,
begin group,SecIProtection,I. Protection,? .???????,,,yes,,,,,,,,,,
select_one i1_list,I1_Protection,I_1,?_1,Select one,???? ????? ?????,yes,,,minimal,,,,,,,
select_multiple i2_list,I2_Protection,I_2,?_2,Select all applicable,???? ?? ?? ?????,yes,,"selected(${I1_Protection}, 'i1_1')",minimal,"not((selected(., 'i2_4') and count-selected(.) >=2)) and not((selected(., 'i2_5') and count-selected(.) >=2)) and count-selected(.) >= 1",Dont Know or don’t want to answer can not be selected with other option,?? ???? ?????? ?? ???? ?? ?? ???? ????,,,,
select_multiple i3_list,I3_Protection,I_3,?_3,Select all applicable,???? ?? ?? ?????,yes,,"selected(${I1_Protection}, 'i1_1')",minimal,"not((selected(., 'i3_10') and count-selected(.) >=2)) and not((selected(., 'i3_11') and count-selected(.) >=2)) and count-selected(.) >= 1",Dont Know or don’t want to answer can not be selected with other option,?? ???? ?????? ?? ???? ?? ?? ???? ????,,,,
select_multiple i4_list,I4_Protection,I_4,?_4,Select all applicable,???? ?? ?? ?????,yes,,,minimal,"not((selected(., 'i4_7') and count-selected(.) >=2)) and not((selected(., 'i4_8') and count-selected(.) >=2)) and count-selected(.) >= 1",Dont Know or don’t want to answer can not be selected with other option,?? ???? ?????? ?? ???? ?? ?? ???? ????,,,,
select_multiple i5_list,I5_Protection,I_5,?_5,Select all applicable,???? ?? ?? ?????,yes,,,minimal,"not((selected(., 'i5_7') and count-selected(.) >=2)) and not((selected(., 'i5_8') and count-selected(.) >=2)) and count-selected(.) >= 1",Dont Know or don’t want to answer can not be selected with other option,?? ???? ?????? ?? ???? ?? ?? ???? ????,,,,
select_multiple i6_list,I6_Protection,I_6,?_6,Select one,???? ????? ?????,yes,,,minimal,,,,,,,
select_multiple i7_list,I7_Protection,I_7,?_7,Select all applicable,???? ?? ?? ?????,yes,,"(selected(${A1_Metadata}, 'a1_2') or selected(${A1_Metadata}, 'a1_4') or selected(${A1_Metadata}, 'a1_5')) and ${B7_SeparatedChildren} > 0",minimal,"not((selected(., 'i7_6') and count-selected(.) >=2)) and not((selected(., 'i7_7') and count-selected(.) >=2)) and not((selected(., 'i7_8') and count-selected(.) >=2)) and count-selected(.) >= 1",Dont Know or don’t want to answer can not be selected with other option,?? ???? ?????? ?? ???? ?? ?? ???? ????,,,,
select_multiple i8_list,I8_Protection,I_8,?_8,Select all applicable,???? ?? ?? ?????,yes,,"(selected(${A1_Metadata}, 'a1_2') or selected(${A1_Metadata}, 'a1_4') or selected(${A1_Metadata}, 'a1_5')) and (${B7_AdultFemales} > 0  or ${B7_Over60Females} > 0)",minimal,"not((selected(., 'i8_7') and count-selected(.) >=2)) and not((selected(., 'i8_8') and count-selected(.) >=2)) and not((selected(., 'i8_9') and count-selected(.) >=2)) and count-selected(.) >= 1",Dont Know or don’t want to answer can not be selected with other option,?? ???? ?????? ?? ???? ?? ?? ???? ????,,,,
select_multiple yesno,I9_Protection,I_9,?_9,Select one,???? ????? ?????,yes,,,,,,,,,,
end group,,,,,,,,,,,,,,,,
begin group,SecJLivelihood,J. Livelihood,?. ??? ???????,,,yes,,,,,,,,,,
select_multiple j1_list,J1_Livelihood,J_1,?_1,Select maximum three,???? ????? ???? ????,yes,,,minimal,"not((selected(., 'j1_14') and count-selected(.) >=2)) and not((selected(., 'j1_15') and count-selected(.) >=2)) and count-selected(.) <= 3 and count-selected(.) >= 1 ",Dont Know or don’t want to answer can not be selected with other option and the maximum options that can be selected are 3,?? ???? ?????? ?? ???? ?? ?? ???? ???? ??? ???? ?????? ???? ?? 3 ??????,,,,
select_one j2_list,J2_Livelihood,J_2,?_2,Select one,???? ????? ?????,yes,,"selected(${J1_Livelihood}, 'j1_1') or selected(${J1_Livelihood}, 'j1_2')",minimal,,,,,,,
select_one j3_list,J3_Livelihood,J_3,?_3,Select one,???? ????? ?????,yes,,"selected(${J2_Livelihood}, 'j2_1')",minimal,,,,,,,
select_one j4_list,J4_Livelihood,J_4,?_4,Select one,???? ????? ?????,yes,,,minimal,,,,,,,
select_multiple j5_list,J5_Livelihood,J_5,?_5,Select top three,???? ??? ?????,yes,,"selected(${J4_Livelihood}, 'j4_1')",minimal,count-selected(.) <= 3 and count-selected(.) >= 1 ,Maximum 3 options can be selected.,???? ????? 3 ?????? ??? ????.,populationFilter=${A1_Metadata},,,
select_one j6_list,J6_Livelihood,J_6,?_6,Select one,???? ????? ?????,yes,,,minimal,,,,,,,
select_multiple j7_list,J7_Livelihood,J_7,?_7,Select all applicable,???? ?? ?? ?????,yes,,"selected(${J6_Livelihood}, 'j6_1')",minimal,,,,,,,
select_one j8_list,J8_Livelihood,J_8,?_8,Select one,???? ????? ?????,yes,,,minimal,,,,,,,
select_multiple j9_list,J9_Livelihood,J_9,?_9,Select top three,???? ??? ?????,yes,,"selected(${J8_Livelihood}, 'j8_1')",minimal,count-selected(.) <= 3 and count-selected(.) >= 1 ,Maximum 3 options can be selected.,???? ????? 3 ?????? ??? ????.,,,,
select_one j10_list,J10_Livelihood,J_10,?_10,Select one,???? ????? ?????,yes,,,minimal,,,,,,,
end group,,,,,,,,,,,,,,,,
begin group,SecKCash,K. Cash,?. ???????? ????????,,,yes,,,,,,,,,,
select_one k1_list,K1_Cash,K_1,?_1,Select one,???? ????? ?????,yes,,,minimal,,,,,,,
select_multiple k2_list,K2_Cash,K_2,?_2,Select all applicable,???? ?? ?? ?????,yes,,"selected(${K1_Cash}, 'k1_1')",minimal,"not((selected(., 'k2_4') and count-selected(.) >=2)) and not((selected(., 'k2_5') and count-selected(.) >=2)) and count-selected(.) >= 1 ",Dont Know or don’t want to answer can not be selected with other option,?? ???? ?????? ?? ???? ?? ?? ???? ????,,,,
select_one k3_list,K3_Cash,K_3,?_3,Select one,???? ????? ?????,yes,,"selected(${K1_Cash}, 'k1_1')",minimal,,,,,,,
select_multiple k4_list,K4_Cash,K_4,?_4,Select all applicable,???? ?? ?? ?????,yes,,"selected(${K1_Cash}, 'k1_1')",minimal,"not((selected(., 'k4_4') and count-selected(.) >=2)) and not((selected(., 'k4_5') and count-selected(.) >=2)) and count-selected(.) >= 1 ",Dont Know or don’t want to answer can not be selected with other option,?? ???? ?????? ?? ???? ?? ?? ???? ????,,,,
end group,,,,,,,,,,,,,,,,
begin group,SecLHummAssist,L. Humanitarian Assistance,?. ???????? ??????????,,,yes,,,,,,,,,,
select_one l1_list,L1_HummAssist,L_1,?_1,Select one,???? ????? ?????,yes,,,minimal,,,,,,,
select_multiple l2_list,L2_HummAssist,L_2,?_2,Select all applicable,???? ?? ?? ?????,yes,,"selected(${L1_HummAssist}, 'l1_1')",minimal,"not((selected(., 'l2_18') and count-selected(.) >=2)) and not((selected(., 'l2_19') and count-selected(.) >=2)) and count-selected(.) >= 1 ",Dont Know or don’t want to answer can not be selected with other option,?? ???? ?????? ?? ???? ?? ?? ???? ????,,,,
select_multiple l3_list,L3_HummAssist,L_3,?_3,Select all applicable,???? ?? ?? ?????,yes,,"selected(${L1_HummAssist}, 'l1_1')",minimal,"not((selected(., 'l3_9') and count-selected(.) >=2)) and not((selected(., 'l3_10') and count-selected(.) >=2)) and count-selected(.) >= 1 ",Dont Know or don’t want to answer can not be selected with other option,?? ???? ?????? ?? ???? ?? ?? ???? ????,,,,
select_one l4_list,L4_HummAssist,L_4,?_4,Select one,???? ????? ?????,yes,,"selected(${L1_HummAssist}, 'l1_1')",minimal,,,,,,,
select_multiple l5_list,L5_HummAssist,L_5,?_5,Select up to three,?? ??????? ????? ?????,yes,,"not(selected(${L4_HummAssist}, 'l4_1')) and selected(${L1_HummAssist}, 'l1_1')",minimal,"not((selected(., 'l5_12') and count-selected(.) >=2)) and not((selected(., 'l5_13') and count-selected(.) >=2)) and count-selected(.) <= 3 and count-selected(.) >= 1 ",Dont Know or don’t want to answer can not be selected with other option and the maximum options that can be selected are 3,?? ???? ?????? ?? ???? ?? ?? ???? ???? ??? ???? ?????? ???? ?? 3 ??????,,,,
select_one l6_list,L6_HummAssist,L_6,?_6,Select one,???? ????? ?????,yes,,"selected(${L1_HummAssist}, 'l1_1')",minimal,,,,,,,
select_one yesno,L7_HummAssist,L_7,?_7,Select one,???? ????? ?????,yes,,"selected(${L1_HummAssist}, 'l1_1')",minimal,,,,,,,
select_one l8_list,L8_HummAssist,L_8,?_8,Select one,???? ????? ?????,yes,,,minimal,,,,,,,
select_one yesno,L9_HummAssist,L_9,?_9,Select one,???? ????? ?????,yes,,,minimal,,,,,,,
select_multiple l10_list,L10_HummAssist,L_10,?_10,Select up to five,?? ?????? ???? ????,yes,,"selected(${L9_HummAssist}, 'yes')",minimal,count-selected(.) <= 5 and count-selected(.) >= 1 ,Maximum 5 options can be selected.,???? ????? 5 ?????? ??? ????.,,,,
text,L10_HummAssist_other,L_10_other,?_10_???,If 10,??? 10,yes,,"selected(${L10_HummAssist}, 'l10_19')",,,,,,,,
select_multiple l11_list,L11_HummAssist,L_11,?_11,Select up to three,?? ?????? ????? ????,yes,,"selected(${L9_HummAssist}, 'yes')",minimal,"not((selected(., 'l11_8') and count-selected(.) >=2)) and not((selected(., 'l11_9') and count-selected(.) >=2)) and count-selected(.) <= 3 and count-selected(.) >= 1 ",Dont Know or don’t want to answer can not be selected with other option and the maximum options that can be selected are 3,?? ???? ?????? ?? ???? ?? ?? ???? ???? ??? ???? ?????? ???? ?? 3 ??????,,,,
select_one l12_list,L12_HummAssist,L_12,?_12,Select one,???? ????? ?????,yes,,"selected(${L9_HummAssist}, 'yes')",minimal,,,,,,,
select_one l13_list,L13_HummAssist,L_13,?_13,Select one,???? ????? ?????,yes,,,minimal,,,,,,,
select_one yesno,L14_HummAssist,L_14,?_14,Select one,???? ????? ?????,yes,,"selected(${L13_HummAssist}, 'l13_1')",minimal,,,,,,,
select_one yesno,L15_HummAssist,L_15,?_15,Select one,???? ????? ?????,yes,,,minimal,,,,,,,
select_multiple l16_list,L16_HummAssist,L_16,?_16,Select top three,???? ??? ?????,yes,,,minimal,"not((selected(., 'l16_14') and count-selected(.) >=2)) and not((selected(., 'l16_15') and count-selected(.) >=2)) and count-selected(.) <= 3 and count-selected(.) >= 1 ",Dont Know or don’t want to answer can not be selected with other option and the maximum options that can be selected are 3,?? ???? ?????? ?? ???? ?? ?? ???? ???? ??? ???? ?????? ???? ?? 3 ??????,,,,
end group,,,,,,,,,,,,,,,,
,,,,,,,,,,,,,,,,
text,FormName,Name this form,?? ?????? ??? ?????????,,,,,,,,,,,,"concat('Yemen MCLA 2019 HH Questionnaire v8- ',${today})",
,,,,,,,,,,,,,,,,
