start,end,today,deviceid,Household Form Code/How do you want to enter the household code?,Household Listing Code Manual/Household Code (manual),Household Listing Code Barcode/Household Code (barcode),A Metadata/A_1,A Metadata/A_6,A Metadata/A_7,A Metadata/A_8 From,A Metadata/A_8 To,A Metadata/A_9,B Demographics/B_1,B Demographics/B_2,B Demographics/B_2/1,B Demographics/B_2/2,B Demographics/B_2/3,B Demographics/B_2/4,B Demographics/B_2/5,B Demographics/B_2/6,B Demographics/B_2_other,B Demographics/B_3 YYYY,B Demographics/B_3 MM,B Demographics/Calculate Age,B Demographics/B_4,B Demographics/B_5,B Demographics/B_6,B_7,Total members living with HH,Total School Age Members,Total Separated Children,Total Adult Males,Total Adult Females,Children,Total Over 60 Females,Total number of household members mentioned in B_5 (${B5_Demographics}) doesn't match with the members entered in B.7.1. 'Record Household Memebers' (${B7_HHMembersCount}),B Demographics/B_8,C IDPs/Refugees/Migrant/C_1,C IDPs/Refugees/Migrant/C_2G,C IDPs/Refugees/Migrant/C_2D,C IDPs/Refugees/Migrant/C_2S,C IDPs/Refugees/Migrant/C_2L,C IDPs/Refugees/Migrant/C_3,C IDPs/Refugees/Migrant/C_3_other,C IDPs/Refugees/Migrant/C_4,C IDPs/Refugees/Migrant/C_5,C IDPs/Refugees/Migrant/C_6,C IDPs/Refugees/Migrant/C_6/1,C IDPs/Refugees/Migrant/C_6/2,C IDPs/Refugees/Migrant/C_6/3,C IDPs/Refugees/Migrant/C_6/4,C IDPs/Refugees/Migrant/C_6/5,C IDPs/Refugees/Migrant/C_6/6,C IDPs/Refugees/Migrant/C_6/7,C IDPs/Refugees/Migrant/C_6/8,C IDPs/Refugees/Migrant/C_6/9,C IDPs/Refugees/Migrant/C_6/10,C IDPs/Refugees/Migrant/C_6/11,C IDPs/Refugees/Migrant/C_6/12,C IDPs/Refugees/Migrant/C_7,C IDPs/Refugees/Migrant/C_7/1,C IDPs/Refugees/Migrant/C_7/2,C IDPs/Refugees/Migrant/C_7/3,C IDPs/Refugees/Migrant/C_7/4,C IDPs/Refugees/Migrant/C_7/5,C IDPs/Refugees/Migrant/C_7/6,C IDPs/Refugees/Migrant/C_7/7,C IDPs/Refugees/Migrant/C_7/8,C IDPs/Refugees/Migrant/C_7/9,C IDPs/Refugees/Migrant/C_7/10,C IDPs/Refugees/Migrant/C_7/11,C IDPs/Refugees/Migrant/C_8,C IDPs/Refugees/Migrant/C_8/1,C IDPs/Refugees/Migrant/C_8/2,C IDPs/Refugees/Migrant/C_8/3,C IDPs/Refugees/Migrant/C_8/4,C IDPs/Refugees/Migrant/C_8/5,C IDPs/Refugees/Migrant/C_8/6,C IDPs/Refugees/Migrant/C_8/8,C IDPs/Refugees/Migrant/C_8/9,C IDPs/Refugees/Migrant/C_8/7,C IDPs/Refugees/Migrant/C_9,C IDPs/Refugees/Migrant/C_10,D Priority Needs/D.1: Specify the TOP 3 priority needs of your household,D Priority Needs/D.1a,D Priority Needs/D.1b,D Priority Needs/D.1c,D Priority Needs/D_2,D Priority Needs/D_2/1,D Priority Needs/D_2/2,D Priority Needs/D_2/3,D Priority Needs/D_2/4,D Priority Needs/D_2/5,D Priority Needs/D_2/6,D Priority Needs/D_2/7,E Shelter/NFI/CCCM/E_1.1,E Shelter/NFI/CCCM/E_1.2,E Shelter/NFI/CCCM/E_1.3,E Shelter/NFI/CCCM/E_1.4,E Shelter/NFI/CCCM/E_2,E Shelter/NFI/CCCM/E_3,E Shelter/NFI/CCCM/E_4,E Shelter/NFI/CCCM/E_4/1,E Shelter/NFI/CCCM/E_4/2,E Shelter/NFI/CCCM/E_4/3,E Shelter/NFI/CCCM/E_4/4,E Shelter/NFI/CCCM/E_4/5,E Shelter/NFI/CCCM/E_4/6,E Shelter/NFI/CCCM/E_4/7,E Shelter/NFI/CCCM/E_4/8,E Shelter/NFI/CCCM/E_5,E Shelter/NFI/CCCM/E_5/1,E Shelter/NFI/CCCM/E_5/2,E Shelter/NFI/CCCM/E_5/3,E Shelter/NFI/CCCM/E_6,E Shelter/NFI/CCCM/E_7,E Shelter/NFI/CCCM/E_7/1,E Shelter/NFI/CCCM/E_7/2,E Shelter/NFI/CCCM/E_7/3,E Shelter/NFI/CCCM/E_7/4,E Shelter/NFI/CCCM/E_7/5,E Shelter/NFI/CCCM/E_7/6,E Shelter/NFI/CCCM/E_7/7,E Shelter/NFI/CCCM/E_7/8,E Shelter/NFI/CCCM/E_7/9,E Shelter/NFI/CCCM/E_7/10,E Shelter/NFI/CCCM/E_7/11,E Shelter/NFI/CCCM/E_8,E Shelter/NFI/CCCM/E_9,E Shelter/NFI/CCCM/E_10,F WASH/F_1.1,F WASH/F_1.1_other,F WASH/F_1.2,F WASH/F_1.2/1,F WASH/F_1.2/2,F WASH/F_1.2/3,F WASH/F_1.2/4,F WASH/F_1.2/5,F WASH/F_1.2/6,F WASH/F_1.2/7,F WASH/F_1.2_other,F WASH/F_1.3,F WASH/F_1.4,F WASH/F_1.5,F WASH/F_1.6,F WASH/F_1.7,F WASH/F_1.7/1,F WASH/F_1.7/2,F WASH/F_1.7/3,F WASH/F_1.7/4,F WASH/F_1.7/5,F WASH/F_1.7/6,F WASH/F_1.7/7,F WASH/F_1.7_other,F WASH/F_1.8,F WASH/F_1.9,F WASH/F_1.10,F WASH/F_1.10/1,F WASH/F_1.10/2,F WASH/F_1.10/3,F WASH/F_1.10/4,F WASH/F_1.10/5,F WASH/F_1.10/6,F WASH/F_1.10_other,F WASH/F_2.1,F WASH/F.2.2,F WASH/F.2.3,F WASH/F.2.3/1,F WASH/F.2.3/2,F WASH/F.2.3/3,F WASH/F.2.3/4,F WASH/F.2.3/5,F WASH/F.2.3/6,F WASH/F.2.3/7,F WASH/F.2.3/8,F WASH/F.2.3/9,F WASH/F.2.3/10,F WASH/F.2.4,F WASH/F.2.4/1,F WASH/F.2.4/2,F WASH/F.2.4/3,F WASH/F.2.4/4,F WASH/F.2.4/5,F WASH/F.2.4/6,F WASH/F.2.4/7,F WASH/F.2.4/8,F WASH/F.2.4/9,F WASH/F.2.5,F WASH/F.2.6,F WASH/F.3.1.1,F WASH/F.3.1.2,F WASH/F.3.2,F WASH/F.3.3,F WASH/F.3.3/1,F WASH/F.3.3/2,F WASH/F.3.3/3,F WASH/F.3.3/4,F WASH/F.3.3/5,F WASH/F.3.3/6,F WASH/F.3.3/7,F WASH/F.3.3/8,F WASH/F.3.3/9,F WASH/F.3.3/10,F WASH/F.3.3_other,F WASH/F.3.4,F WASH/F.3.5,G. Education/G_1,G. Education/G_2.1,G. Education/G_2.1/1,G. Education/G_2.1/2,G. Education/G_2.1/3,G. Education/G_2.1/4,G. Education/G_2.1/5,G. Education/G_2.1/6,G. Education/G_2.1/7,G. Education/G_2.1/8,G. Education/G_2.1/9,G. Education/G_2.1/10,G. Education/G_2.1/11,G. Education/G_2.1/12,G. Education/G_2.1/13,G. Education/G_2.1/14,G. Education/G_2.1/15,G. Education/G_2.1/16,G. Education/G_2.1_other,G. Education/G_2.2,G. Education/G_2.2/1,G. Education/G_2.2/2,G. Education/G_2.2/3,G. Education/G_2.2/4,G. Education/G_2.2/5,G. Education/G_2.2/6,G. Education/G_2.2_other,G. Education/G_2.3,G. Education/G_2.3/1,G. Education/G_2.3/2,G. Education/G_2.3/3,G. Education/G_2.3/4,G. Education/G_2.3/5,G. Education/G_2.3/6,G. Education/G_2.3/7,G. Education/G_2.3/8,G. Education/G_2.3/9,G. Education/G_2.3/10,G. Education/G_2.3_other,G. Education/G_2.4,G. Education/G_2.4/1,G. Education/G_2.4/2,G. Education/G_2.4/3,G. Education/G_2.4/4,G. Education/G_2.4/5,G. Education/G_2.4/6,G. Education/G_2.4/7,G. Education/G_2.4_other,G. Education/G_3,G. Education/G_3/1,G. Education/G_3/2,G. Education/G_3/3,G. Education/G_3/4,G. Education/G_3/5,G. Education/G_3/6,G. Education/G_3/7,G. Education/G_3/8,G. Education/G_3/9,G. Education/G_3/10,G. Education/G_3/11,G. Education/G_3/12,G. Education/G_3/13,G. Education/G_3/14,G. Education/G_3/15,G. Education/G_3/16,G. Education/G_3/17,G. Education/G_3/18,G. Education/G_3/19,G. Education/G_3/20,G. Education/G_3/21,G. Education/G_3/22,G. Education/G_3/23,G. Education/G_3/24,G. Education/G_3_other,G. Education/G_4,G. Education/G_5,G. Education/G_6,G. Education/G_6/1,G. Education/G_6/2,G. Education/G_6/3,G. Education/G_6/4,G. Education/G_6/5,G. Education/G_6_other,H. Health/H_1,H. Health/H_2,H. Health/H_2/1,H. Health/H_2/2,H. Health/H_2/3,H. Health/H_2/4,H. Health/H_2/5,H. Health/H_2/6,H. Health/H_2/7,H. Health/H_2/8,H. Health/H_2/9,H. Health/H_2/10,H. Health/H_2/11,H. Health/H_2/12,H. Health/H_2/13,H. Health/H_2/14,H. Health/H_2/15,H. Health/H_2/16,H. Health/H_2/17,H. Health/H_2/18,H. Health/H_2/19,H. Health/H_2/20,H. Health/H_2/21,H. Health/H_2/22,H. Health/H_2/23,H. Health/H_2/24,H. Health/H_2/25,H. Health/H_2/26,H. Health/H_2_other,H. Health/H_3.1,H. Health/H_4,H. Health/H_5,H. Health/H_5/1,H. Health/H_5/2,H. Health/H_5/3,H. Health/H_5/4,H. Health/H_5/5,H. Health/H_5/6,H. Health/H_5/7,H. Health/H_5/8,H. Health/H_5/9,H. Health/H_5/10,H. Health/H_5/11,H. Health/H_5_other,H. Health/H_6,H. Health/H_7,H. Health/H_7/1,H. Health/H_7/2,H. Health/H_7/3,H. Health/H_7/4,H. Health/H_7/5,H. Health/H_7/6,H. Health/H_7/7,H. Health/H_7/8,H. Health/H_7/9,H. Health/H_7/10,H. Health/H_7/11,H. Health/H_7/12,H. Health/H_7/13,H. Health/H_7/14,H. Health/H_7/15,H. Health/H_7/16,H. Health/H_7/17,H. Health/H_8,H. Health/H_8/1,H. Health/H_8/2,H. Health/H_8/3,H. Health/H_8/4,H. Health/H_8/5,H. Health/H_8/6,H. Health/H_8/7,H. Health/H_8/8,H. Health/H_8/9,H. Health/H_8/10,H. Health/H_8/11,H. Health/H_8/12,H. Health/H_8/13,H. Health/H_8/14,H. Health/H_8/15,H. Health/H_8/16,H. Health/H_8/17,H. Health/H_9,H. Health/H_10,H. Health/H_11,H. Health/H_12,H. Health/H_12/1,H. Health/H_12/2,H. Health/H_12/3,H. Health/H_12/4,H. Health/H_12/5,H. Health/H_12/6,H. Health/H_12/7,H. Health/H_12/8,H. Health/H_12_other,H. Health/H_13,H. Health/H_13/1,H. Health/H_13/2,H. Health/H_13/3,H. Health/H_13/4,H. Health/H_13/5,H. Health/H_13/6,H. Health/H_13/7,H. Health/H_13/8,H. Health/H_13/9,H. Health/H_13/10,H. Health/H_13/11,H. Health/H_13/12,H. Health/H_13/13,H. Health/H_13/14,H. Health/H_13/15,H. Health/H_13_other,H. Health/H_14,H. Health/H_14/1,H. Health/H_14/2,H. Health/H_14/3,H. Health/H_14/4,H. Health/H_14/5,H. Health/H_14/6,H. Health/H_14/7,H. Health/H_14/8,H. Health/H_14/9,H. Health/H_14/10,H. Health/H_14/11,H. Health/H_14/12,H. Health/H_15,H. Health/H_16,H. Health/H_17,H. Health/H_18,H. Health/H_19,H. Health/H_19/1,H. Health/H_19/2,H. Health/H_19/3,H. Health/H_19/4,H. Health/H_19/5,H. Health/H_19/6,H. Health/H_19/7,H. Health/H_19/8,H. Health/H_19/9,H. Health/H_19/10,H. Health/H_19/11,H. Health/H_19/12,H. Health/H_19/13,H. Health/H_19/14,H. Health/H_19/15,H. Health/H_19/16,I. Protection/I_1,I. Protection/I_2,I. Protection/I_2/1,I. Protection/I_2/2,I. Protection/I_2/3,I. Protection/I_2/4,I. Protection/I_2/5,I. Protection/I_3,I. Protection/I_3/1,I. Protection/I_3/2,I. Protection/I_3/3,I. Protection/I_3/4,I. Protection/I_3/5,I. Protection/I_3/6,I. Protection/I_3/7,I. Protection/I_3/8,I. Protection/I_3/9,I. Protection/I_3/10,I. Protection/I_3/11,I. Protection/I_4,I. Protection/I_4/1,I. Protection/I_4/2,I. Protection/I_4/3,I. Protection/I_4/4,I. Protection/I_4/5,I. Protection/I_4/6,I. Protection/I_4/7,I. Protection/I_4/8,I. Protection/I_5,I. Protection/I_5/1,I. Protection/I_5/2,I. Protection/I_5/3,I. Protection/I_5/4,I. Protection/I_5/5,I. Protection/I_5/6,I. Protection/I_5/7,I. Protection/I_5/8,I. Protection/I_6,I. Protection/I_6/1,I. Protection/I_6/2,I. Protection/I_6/3,I. Protection/I_6/4,I. Protection/I_6/5,I. Protection/I_6/6,I. Protection/I_6/7,I. Protection/I_7,I. Protection/I_7/1,I. Protection/I_7/2,I. Protection/I_7/3,I. Protection/I_7/4,I. Protection/I_7/5,I. Protection/I_7/6,I. Protection/I_7/7,I. Protection/I_7/8,I. Protection/I_8,I. Protection/I_8/1,I. Protection/I_8/2,I. Protection/I_8/3,I. Protection/I_8/4,I. Protection/I_8/5,I. Protection/I_8/6,I. Protection/I_8/7,I. Protection/I_8/8,I. Protection/I_8/9,I. Protection/I_9,I. Protection/I_9/1,I. Protection/I_9/2,J. Livelihood/J_1,J. Livelihood/J_1/1,J. Livelihood/J_1/2,J. Livelihood/J_1/3,J. Livelihood/J_1/4,J. Livelihood/J_1/5,J. Livelihood/J_1/6,J. Livelihood/J_1/7,J. Livelihood/J_1/8,J. Livelihood/J_1/9,J. Livelihood/J_1/10,J. Livelihood/J_1/11,J. Livelihood/J_1/12,J. Livelihood/J_1/13,J. Livelihood/J_1/14,J. Livelihood/J_1/15,J. Livelihood/J_2,J. Livelihood/J_3,J. Livelihood/J_4,J. Livelihood/J_5,J. Livelihood/J_5/1,J. Livelihood/J_5/2,J. Livelihood/J_5/3,J. Livelihood/J_5/4,J. Livelihood/J_5/5,J. Livelihood/J_5/6,J. Livelihood/J_5/7,J. Livelihood/J_5/8,J. Livelihood/J_5/9,J. Livelihood/J_5/11,J. Livelihood/J_6,J. Livelihood/J_7,J. Livelihood/J_7/1,J. Livelihood/J_7/2,J. Livelihood/J_7/3,J. Livelihood/J_7/4,J. Livelihood/J_7/5,J. Livelihood/J_7/6,J. Livelihood/J_7/7,J. Livelihood/J_7/8,J. Livelihood/J_7/9,J. Livelihood/J_7/10,J. Livelihood/J_7/11,J. Livelihood/J_7/12,J. Livelihood/J_7/13,J. Livelihood/J_7/14,J. Livelihood/J_8,J. Livelihood/J_9,J. Livelihood/J_9/1,J. Livelihood/J_9/2,J. Livelihood/J_9/3,J. Livelihood/J_9/4,J. Livelihood/J_9/5,J. Livelihood/J_9/6,J. Livelihood/J_9/7,J. Livelihood/J_9/8,J. Livelihood/J_9/9,J. Livelihood/J_9/10,J. Livelihood/J_10,K. Cash/K_1,K. Cash/K_2,K. Cash/K_2/1,K. Cash/K_2/2,K. Cash/K_2/3,K. Cash/K_2/4,K. Cash/K_2/5,K. Cash/K_3,K. Cash/K_4,K. Cash/K_4/1,K. Cash/K_4/2,K. Cash/K_4/3,K. Cash/K_4/4,K. Cash/K_4/5,L. Humanitarian Assistance/L_1,L. Humanitarian Assistance/L_2,L. Humanitarian Assistance/L_2/1,L. Humanitarian Assistance/L_2/2,L. Humanitarian Assistance/L_2/3,L. Humanitarian Assistance/L_2/4,L. Humanitarian Assistance/L_2/5,L. Humanitarian Assistance/L_2/6,L. Humanitarian Assistance/L_2/7,L. Humanitarian Assistance/L_2/8,L. Humanitarian Assistance/L_2/9,L. Humanitarian Assistance/L_2/10,L. Humanitarian Assistance/L_2/11,L. Humanitarian Assistance/L_2/12,L. Humanitarian Assistance/L_2/13,L. Humanitarian Assistance/L_2/14,L. Humanitarian Assistance/L_2/15,L. Humanitarian Assistance/L_2/16,L. Humanitarian Assistance/L_2/17,L. Humanitarian Assistance/L_2/18,L. Humanitarian Assistance/L_2/19,L. Humanitarian Assistance/L_3,L. Humanitarian Assistance/L_3/1,L. Humanitarian Assistance/L_3/2,L. Humanitarian Assistance/L_3/3,L. Humanitarian Assistance/L_3/4,L. Humanitarian Assistance/L_3/5,L. Humanitarian Assistance/L_3/6,L. Humanitarian Assistance/L_3/7,L. Humanitarian Assistance/L_3/8,L. Humanitarian Assistance/L_3/9,L. Humanitarian Assistance/L_3/10,L. Humanitarian Assistance/L_4,L. Humanitarian Assistance/L_5,L. Humanitarian Assistance/L_5/1,L. Humanitarian Assistance/L_5/2,L. Humanitarian Assistance/L_5/3,L. Humanitarian Assistance/L_5/4,L. Humanitarian Assistance/L_5/5,L. Humanitarian Assistance/L_5/6,L. Humanitarian Assistance/L_5/7,L. Humanitarian Assistance/L_5/8,L. Humanitarian Assistance/L_5/9,L. Humanitarian Assistance/L_5/10,L. Humanitarian Assistance/L_5/11,L. Humanitarian Assistance/L_5/12,L. Humanitarian Assistance/L_5/13,L. Humanitarian Assistance/L_6,L. Humanitarian Assistance/L_7,L. Humanitarian Assistance/L_8,L. Humanitarian Assistance/L_9,L. Humanitarian Assistance/L_10,L. Humanitarian Assistance/L_10/1,L. Humanitarian Assistance/L_10/2,L. Humanitarian Assistance/L_10/3,L. Humanitarian Assistance/L_10/4,L. Humanitarian Assistance/L_10/5,L. Humanitarian Assistance/L_10/6,L. Humanitarian Assistance/L_10/7,L. Humanitarian Assistance/L_10/8,L. Humanitarian Assistance/L_10/9,L. Humanitarian Assistance/L_10/10,L. Humanitarian Assistance/L_10/11,L. Humanitarian Assistance/L_10/12,L. Humanitarian Assistance/L_10/13,L. Humanitarian Assistance/L_10/14,L. Humanitarian Assistance/L_10/15,L. Humanitarian Assistance/L_10/16,L. Humanitarian Assistance/L_10/17,L. Humanitarian Assistance/L_10/19,L. Humanitarian Assistance/L_10/18,L. Humanitarian Assistance/L_10_other,L. Humanitarian Assistance/L_11,L. Humanitarian Assistance/L_11/1,L. Humanitarian Assistance/L_11/2,L. Humanitarian Assistance/L_11/3,L. Humanitarian Assistance/L_11/4,L. Humanitarian Assistance/L_11/5,L. Humanitarian Assistance/L_11/6,L. Humanitarian Assistance/L_11/7,L. Humanitarian Assistance/L_11/8,L. Humanitarian Assistance/L_11/9,L. Humanitarian Assistance/L_12,L. Humanitarian Assistance/L_13,L. Humanitarian Assistance/L_14,L. Humanitarian Assistance/L_15,L. Humanitarian Assistance/L_16,L. Humanitarian Assistance/L_16/1,L. Humanitarian Assistance/L_16/2,L. Humanitarian Assistance/L_16/3,L. Humanitarian Assistance/L_16/4,L. Humanitarian Assistance/L_16/5,L. Humanitarian Assistance/L_16/6,L. Humanitarian Assistance/L_16/7,L. Humanitarian Assistance/L_16/8,L. Humanitarian Assistance/L_16/9,L. Humanitarian Assistance/L_16/10,L. Humanitarian Assistance/L_16/11,L. Humanitarian Assistance/L_16/12,L. Humanitarian Assistance/L_16/13,L. Humanitarian Assistance/L_16/14,L. Humanitarian Assistance/L_16/15,Name this form,_id,_uuid,_submission_time,_validation_status,_index
2019-09-19T11:46:33.001+02,2019-09-19T12:18:28.886+02,2019-09-19,3.52087E+14,Barcode,,130601004,2,10004,2019-09-16,14:40:00.000+02,15:14:00.000+02,1,1,1,1,0,0,0,0,0,,1985,3,34,1,4,2,,4,0,0,0,0,0,0,,1,1,15,1519,151921,15192100139,,,,24,4,0,0,0,1,0,0,0,0,0,0,0,0,,,,,,,,,,,,,2 5 6,0,1,0,0,1,1,0,0,0,4,4,,15,2,5,1 5,1,0,0,0,1,0,0,2,2,,,,,2 4 5,0,1,0,1,1,0,0,0,3,0,0,1,,,,,,,,,,,,,,2,3,6,1,,5,0,0,0,0,1,0,0,,2,4,30,0,4,0,0,0,1,0,0,0,,2000,3,6,0,0,0,0,0,1,Heavey whight when moving,2,,1 2 3 5 6 7 8,1,1,1,0,1,1,1,1,0,0,2 3,0,1,1,0,0,0,0,0,0,4,,,2,2,10,0,0,0,0,0,0,0,0,0,1,No male wc,4,7,,,,,,,,,,,,,,,,,,,,,,,,,,,,,,,,,,,,,,,,,,,,,,,,,,,,,,,,,,,,,,,,,,,,,,,,,,,,,,,,,,,,2,,,,,,,,,,,,,,,,,,,,,,,,,,,,,,,,,,,,,,,,,,,,,,,,,,,,,,,,,,,,,,,,,,,,,,,,,,,,,,,,,,,,,,,,,,,,,,,,,,,,,,,,,,,,,,,11,0,0,0,0,0,0,0,0,0,0,1,0,4,2,,,,,,,,,,,,,,,,,,,,2,,,,,,,,,,,,,,,,,,,6,0,0,0,0,0,1,0,0,6,0,0,0,0,0,1,0,0,4,0,0,0,1,0,0,0,,,,,,,,,,,,,,,,,,,,2,0,1,10,0,0,0,0,0,0,0,0,0,1,0,0,0,0,0,,,1,8,0,0,0,0,0,0,0,1,0,0,1,6,0,0,0,0,0,1,0,0,0,0,0,0,0,0,1,2,0,1,0,0,0,0,0,0,0,0,4,2,,,,,,,,,,,,,,2,,,,,,,,,,,,,,,,,,,,,,,,,,,,,,,,,,,,,,,,,,,,,,,,,4,1,1 8,1,0,0,0,0,0,0,1,0,0,0,0,0,0,0,0,0,0,0,,9,0,0,0,0,0,0,0,0,1,3,2,,2,15,0,0,0,0,0,0,0,0,0,0,0,0,0,0,1,Yemen MCLA 2019 HH Questionnaire v14- 2019-09-19,892152,d7e22725-0359-4e0a-82e1-506dbd5a5072,2019-09-19T09:19:38,,1
2019-09-19T11:44:02.232+03,2019-09-19T12:30:04.358+03,2019-09-19,3.52087E+14,Barcode,,130601005,5,10004,2019-09-16,16:02:00.000+03,16:50:00.000+03,1,1,6,0,0,0,0,0,1,??????,1979,11,40,1,3,2,,3,1,0,0,0,0,0,,1,,,,,,4,,1,36,3,0,0,1,0,0,0,0,0,0,0,0,0,9,0,0,0,0,0,0,0,0,1,0,0,6 7,0,0,0,0,0,1,0,0,1,1,4,,1,2,3,1 2,1,1,0,0,0,0,0,,2,,,,,1 2 3 4 5 6,1,1,1,1,1,1,0,0,1,1,0,0,1,,,,,,,,,,,,,1,,4,10,,4,0,0,0,1,0,0,0,,1,2,75,4000,1 4,1,0,0,1,0,0,0,,3060,3,4 6,0,0,0,1,0,1,????? ????????? ??????,1,3,10,0,0,0,0,0,0,0,0,0,1,1 2 3 4 7,1,1,1,1,0,0,1,0,0,1,2,2,3,1,,,,,,,,,,,,,2,4,2,,,,,,,,,,,,,,,,,,,,,,,,,,,,,,,,,,,,,,,,,,,,,,,,1 3 5,1,0,1,0,1,0,0,0,0,0,0,0,0,0,0,0,0,0,0,0,0,0,0,0,,1,5,,,,,,,,2,,,,,,,,,,,,,,,,,,,,,,,,,,,,,,,,,,,,,,,,,,,,,,,,,,,,,,,,,,,,,,,,,,,,,,,,,,,,,,,,,,,,,,,,,,,,,,,,,,,,,,,,,,,,,,,2,0,1,0,0,0,0,0,0,0,0,0,0,5,2,,,,,,,,,,,,,,,,,,,,2,,,,,,,,,,,,,,,,,,,2,0,1,0,0,0,0,0,0,2,0,1,0,0,0,0,0,0,3,0,0,1,0,0,0,0,,,,,,,,,,,,,,,,,,,,2,0,1,1,1,0,0,0,0,0,0,0,0,0,0,0,0,0,0,2,,2,,,,,,,,,,,,2,,,,,,,,,,,,,,,,2,,,,,,,,,,,,12,2,,,,,,,,,,,,,,2,,,,,,,,,,,,,,,,,,,,,,,,,,,,,,,,,,,,,,,,,,,,,,,,,1,1,2 3,0,1,1,0,0,0,0,0,0,0,0,0,0,0,0,0,0,0,0,,5,0,0,0,0,1,0,0,0,0,3,1,2,2,1,1,0,0,0,0,0,0,0,0,0,0,0,0,0,0,Yemen MCLA 2019 HH Questionnaire v14- 2019-09-19,892281,67c43495-4d06-4f7f-a993-4f077ff51fe4,2019-09-19T09:30:36,,2
2019-09-19T15:24:27.509+07,2019-09-19T16:27:32.355+07,2019-09-19,3.52087E+14,Barcode,,11828220,2,10005,2019-09-17,11:15:00.000+07,12:10:00.000+07,1,2,1,1,0,0,0,0,0,,1986,11,33,1,4,2,,5,0,0,0,0,0,0,,1,2,18,1823,182321,18232110100,,,,18,4,0,0,0,1,0,0,0,0,0,0,0,0,,,,,,,,,,,,,5 6,0,0,0,0,1,1,0,0,0,1,4,,1,7,11,1,1,0,0,0,0,0,0,1,4,,,,,1 3,1,0,1,0,0,0,0,0,1,1,0,0,2,5,0,0,0,0,1,0,0,0,0,0,0,2,3,1,3,,5 6,0,0,0,0,1,1,0,,4,1,80,0,2 4,0,1,0,1,0,0,0,,130,2,1 2 3,1,1,1,0,0,0,,1,2,1 2 3 4,1,1,1,1,0,0,0,0,0,0,1 2 4 5 6 8,1,1,0,1,1,1,0,1,0,4,,1,2,1,,,,,,,,,,,,,3,2,,,,,,,,,,,,,,,,,,,,,,,,,,,,,,,,,,,,,,,,,,,,,,,,,,,,,,,,,,,,,,,,,,,,,,,,,,,,,,,,,,,,1,2 3 17,0,1,1,0,0,0,0,0,0,0,0,0,0,0,0,0,1,0,0,0,0,0,0,0,0,0,,2,1,1 5,1,0,0,0,1,0,0,0,0,0,0,,2,1 5,1,0,0,0,1,0,0,0,0,0,0,0,0,0,0,0,0,2 4 6 7 9 10 11 13,0,1,0,1,0,1,1,0,1,1,1,0,1,0,0,0,0,1,2000,2,2,0,1,0,0,0,0,0,0,,1 2 3,1,1,1,0,0,0,0,0,0,0,0,0,0,0,0,,1 2 3 4,1,1,1,1,0,0,0,0,0,0,0,0,4,2,,,,,,,,,,,,,,,,,,,,2,,,,,,,,,,,,,,,,,,,2,0,1,0,0,0,0,0,0,2,0,1,0,0,0,0,0,0,4 6,0,0,0,1,0,1,0,,,,,,,,,,,,,,,,,,,,2,0,1,3 7 9,0,0,1,0,0,0,1,0,1,0,0,0,0,0,0,,,1,3,0,0,1,0,0,0,0,0,0,0,1,1 4 5 6 7,1,0,0,1,1,1,1,0,0,0,0,0,0,0,1,1 2 5,1,1,0,0,1,0,0,0,0,0,11,1,1,1,0,0,0,0,1,1,1,0,0,0,0,1,2,0,1,0,0,0,0,0,0,0,0,0,0,0,0,0,0,0,0,0,1 7,1,0,0,0,0,0,1,0,0,0,2,1 2 10,1,1,0,0,0,0,0,0,0,1,0,0,0,1,2,5,1,1 4 6,1,0,0,1,0,1,0,0,0,0,0,0,0,0,0,0,0,0,0,,8,0,0,0,0,0,0,0,1,0,1,1,2,2,1 2 12,1,1,0,0,0,0,0,0,0,0,0,1,0,0,0,Yemen MCLA 2019 HH Questionnaire v14- 2019-09-19,892290,068c8025-8e8c-4c1a-8f27-d3f84bd2a1c5,2019-09-19T09:31:02,,3
2019-09-19T11:51:35.982+03:00,2019-09-19T12:34:13.667+03:00,2019-09-19,3.52087E+14,Barcode,,130308004,1,10006,2019-09-17,12:52:00.000+03:00,13:52:00.000+03:00,1,1,1,1,0,0,0,0,0,,1982,7,37,2,2,2,,2,0,0,0,0,0,0,,1,,,,,,,,,,,,,,,,,,,,,,,,,,,,,,,,,,,,,,,,,,,,,,,,1,6,9,1 2 3 4,1,1,1,1,0,0,0,,4,,,,,1 2 4,1,1,0,1,0,0,0,0,1,1,0,0,4,,,,,,,,,,,,,2,,,10,,4,0,0,0,1,0,0,0,,1,5,200,3000,1,1,0,0,0,0,0,0,,2000,5,4,0,0,0,1,0,0,,2,,10,0,0,0,0,0,0,0,0,0,1,1 4,1,0,0,1,0,0,0,0,0,2,1,,3,1,,,,,,,,,,,,,4,7,,,,,,,,,,,,,,,,,,,,,,,,,,,,,,,,,,,,,,,,,,,,,,,,,,,,,,,,,,,,,,,,,,,,,,,,,,,,,,,,,,,,1,24,0,0,0,0,0,0,0,0,0,0,0,0,0,0,0,0,0,0,0,0,0,0,0,1,0,0,?????? ??? ????,2,1,3,0,0,1,0,0,0,0,0,0,0,0,,3,6,0,0,0,0,0,1,0,0,0,0,0,0,0,0,0,0,0,11,0,0,0,0,0,0,0,0,0,0,1,0,0,0,0,0,0,3,,2,8,0,0,0,0,0,0,0,1,??????? ???????,2 7 9,0,1,0,0,0,0,1,0,1,0,0,0,0,0,0,,2 3,0,1,1,0,0,0,0,0,0,0,0,0,4,2,,,,,,,,,,,,,,,,,,,,2,,,,,,,,,,,,,,,,,,,6,0,0,0,0,0,1,0,0,3,0,0,1,0,0,0,0,0,2,0,1,0,0,0,0,0,,,,,,,,,,,,,,,,,,,,2,0,1,1,1,0,0,0,0,0,0,0,0,0,0,0,0,0,0,1,2,2,,,,,,,,,,,,1,6 7,0,0,0,0,0,1,1,0,0,0,0,0,0,0,2,,,,,,,,,,,,10,2,,,,,,,,,,,,,,2,,,,,,,,,,,,,,,,,,,,,,,,,,,,,,,,,,,,,,,,,,,,,,,,,1,1,1 4 6 7 9,1,0,0,1,0,1,1,0,1,0,0,0,0,0,0,0,0,0,0,,5,0,0,0,0,1,0,0,0,0,1,2,,1,1 2 3,1,1,1,0,0,0,0,0,0,0,0,0,0,0,0,Yemen MCLA 2019 HH Questionnaire v14- 2019-09-19,892344,83cf1a35-44bd-4723-97e4-1e504412a6ec,2019-09-19T09:34:33,,4
2019-09-19T11:46:19.701+03,2019-09-19T12:42:00.391+03,2019-09-19,3.52087E+14,Barcode,,131001008,1,10002,2019-09-17,10:30:00.000+03,11:15:00.000+03,1,1,1,1,0,0,0,0,0,,1986,11,33,1,5,2,,5,0,0,0,0,0,0,,1,,,,,,,,,,,,,,,,,,,,,,,,,,,,,,,,,,,,,,,,,,,,,,,,1,5,6,1 2 4,1,1,0,1,0,0,0,,4,,,,,1 2 3 4 5 6 7,1,1,1,1,1,1,1,0,1,1,0,0,1,,,,,,,,,,,,,1,,,11,????? ????,1,1,0,0,0,0,0,0,,1,3,120,4000,1 2,1,1,0,0,0,0,0,,3000,1,5,0,0,0,0,1,0,,1,3,10,0,0,0,0,0,0,0,0,0,1,1 2 3 4 7 8,1,1,1,1,0,0,1,1,0,1,2,2,3,1,,,,,,,,,,,,,4,1,,,,,,,,,,,,,,,,,,,,,,,,,,,,,,,,,,,,,,,,,,,,,,,,,,,,,,,,,,,,,,,,,,,,,,,,,,,,,,,,,,,,1,16,0,0,0,0,0,0,0,0,0,0,0,0,0,0,0,1,0,0,0,0,0,0,0,0,0,0,,2,1,2 4,0,1,0,1,0,0,0,0,0,0,0,,1,1 11 14,1,0,0,0,0,0,0,0,0,0,1,0,0,1,0,0,0,15,0,0,0,0,0,0,0,0,0,0,0,0,0,0,1,0,0,1,10000,1,,,,,,,,,,,,,,,,,,,,,,,,,,,,8,0,0,0,0,0,0,0,1,0,0,0,0,4,2,,,,,,,,,,,,,,,,,,,,2,,,,,,,,,,,,,,,,,,,1 2 3 4 5,1,1,1,1,1,0,0,0,1 2 3 4,1,1,1,1,0,0,0,0,6,0,0,0,0,0,1,0,,,,,,,,,,,,,,,,,,,,2,0,1,1,1,0,0,0,0,0,0,0,0,0,0,0,0,0,0,2,,3,,,,,,,,,,,,2,,,,,,,,,,,,,,,,1,5,0,0,0,0,1,0,0,0,0,0,8,2,,,,,,,,,,,,,,2,,,,,,,,,,,,,,,,,,,,,,,,,,,,,,,,,,,,,,,,,,,,,,,,,1,1,1 6 7 10 14,1,0,0,0,0,1,1,0,0,1,0,0,0,1,0,0,0,0,0,,1,1,0,0,0,0,0,0,0,0,10,2,,2,1,1,0,0,0,0,0,0,0,0,0,0,0,0,0,0,Yemen MCLA 2019 HH Questionnaire v14- 2019-09-19,892374,49d2d2d4-311a-4704-b8f6-2bec1aa8f9fe,2019-09-19T09:42:02,,5
2019-09-19T11:48:22.106+07,2019-09-19T12:56:49.600+07,2019-09-19,3.52087E+14,Manual,130101001,,4,10003,2019-09-16,11:23:00.000+07,12:00:00.000+07,1,1,3,0,0,1,0,0,0,,1986,2,33,1,5,2,,5,0,0,0,0,0,0,,2,,,,,,3,,1,156,1 5,1,0,0,0,1,0,0,0,0,0,0,0,1,1,0,0,0,0,0,0,0,0,0,0,2 4 5,0,1,0,1,1,0,0,0,0,1,4,,1,2,3,1 2 3 5,1,1,1,0,1,0,0,,4,,,,,1 2,1,1,0,0,0,0,0,0,3,0,0,1,,,,,,,,,,,,,,2,,6,10,,1 4,1,0,0,1,0,0,0,,1,1,300,5000,3,0,0,1,0,0,0,0,,2500,1,5,0,0,0,0,1,0,,2,,1 5,1,0,0,0,1,0,0,0,0,0,1 2 4 7,1,1,0,1,0,0,1,0,0,1,1,,1,1,,,,,,,,,,,,,4,7,,,,,,,,,,,,,,,,,,,,,,,,,,,,,,,,,,,,,,,,,,,,,,,,,,,,,,,,,,,,,,,,,,,,,,,,,,,,,,,,,,,,2,,,,,,,,,,,,,,,,,,,,,,,,,,,,,,,,,,,,,,,,,,,,,,,,,,,,,,,,,,,,,,,,,,,,,,,,,,,,,,,,,,,,,,,,,,,,,,,,,,,,,,,,,,,,,,,2,0,1,0,0,0,0,0,0,0,0,0,0,4,2,,,,,,,,,,,,,,,,,,,,2,,,,,,,,,,,,,,,,,,,7,0,0,0,0,0,0,1,0,7,0,0,0,0,0,0,1,0,6,0,0,0,0,0,1,0,,,,,,,,,,,,,,,,,,,,2,0,1,3,0,0,1,0,0,0,0,0,0,0,0,0,0,0,0,,,2,,,,,,,,,,,,2,,,,,,,,,,,,,,,,2,,,,,,,,,,,,12,1,2,0,1,0,0,0,2,1,1,0,0,0,0,1,1 2,1,1,0,0,0,0,0,0,0,0,0,0,0,0,0,0,0,0,0,1,1,0,0,0,0,0,0,0,0,0,2,5,0,0,0,0,1,0,0,0,0,0,0,0,0,1,2,4,2,,,,,,,,,,,,,,,,,,,,,,,,,,,,,,,,,2,,1,1 3,1,0,1,0,0,0,0,0,0,0,0,0,0,0,0,Yemen MCLA 2019 HH Questionnaire v14- 2019-09-19,892479,1b61a181-6695-42ae-9e6f-511358b41ff1,2019-09-19T09:57:00,,6
2019-09-19T16:07:55.595+07,2019-09-19T16:56:39.444+07,2019-09-19,3.52087E+14,Barcode,,130401005,2,10005,2019-09-16,12:30:00.000+07,13:07:00.000+07,1,1,1,1,0,0,0,0,0,,1981,3,38,1,3,2,,3,0,0,0,0,0,0,,1,1,15,1518,151808,15182100153,,,,38,2 9,0,1,0,0,0,0,0,0,1,0,0,0,,,,,,,,,,,,,4 5 6,0,0,0,1,1,1,0,0,0,1,1,,1,11,6,1 3 4,1,0,1,1,0,0,0,2,4,,,,,4,0,0,0,1,0,0,0,0,3,0,0,1,,,,,,,,,,,,,,1,3,6,10,,4,0,0,0,1,0,0,0,,1,3,60,7000,1,1,0,0,0,0,0,0,,9000,1,4,0,0,0,1,0,0,,1,3,10,0,0,0,0,0,0,0,0,0,1,1,1,0,0,0,0,0,0,0,0,1,2,2,3,1,,,,,,,,,,,,,2,5,,,,,,,,,,,,,,,,,,,,,,,,,,,,,,,,,,,,,,,,,,,,,,,,,,,,,,,,,,,,,,,,,,,,,,,,,,,,,,,,,,,,1,1,1,0,0,0,0,0,0,0,0,0,0,0,0,0,0,0,0,0,0,0,0,0,0,0,0,0,,2,1,3,0,0,1,0,0,0,0,0,0,0,0,,3,5,0,0,0,0,1,0,0,0,0,0,0,0,0,0,0,0,0,16,0,0,0,0,0,0,0,0,0,0,0,0,0,0,0,1,0,1,13000,2,2 4,0,1,0,1,0,0,0,0,,1 4 7,1,0,0,1,0,0,1,0,0,0,0,0,0,0,0,,2,0,1,0,0,0,0,0,0,0,0,0,0,4,2,,,,,,,,,,,,,,,,,,,,2,,,,,,,,,,,,,,,,,,,6,0,0,0,0,0,1,0,0,6,0,0,0,0,0,1,0,0,6,0,0,0,0,0,1,0,,,,,,,,,,,,,,,,,,,,2,0,1,1,1,0,0,0,0,0,0,0,0,0,0,0,0,0,0,2,,2,,,,,,,,,,,,2,,,,,,,,,,,,,,,,1,2,0,1,0,0,0,0,0,0,0,0,12,2,,,,,,,,,,,,,,2,,,,,,,,,,,,,,,,,,,,,,,,,,,,,,,,,,,,,,,,,,,,,,,,,4,1,6 8 10,0,0,0,0,0,1,0,1,0,1,0,0,0,0,0,0,0,0,0,,4 6 7,0,0,0,1,0,1,1,0,0,1,2,,2,1 2 3,1,1,1,0,0,0,0,0,0,0,0,0,0,0,0,Yemen MCLA 2019 HH Questionnaire v14- 2019-09-19,892480,e26643eb-2894-41fc-a706-3a5fbe4499cd,2019-09-19T09:57:54,,7
2019-09-19T12:23:07.203+03,2019-09-19T13:02:04.441+03,2019-09-19,3.52087E+14,Manual,130801003,,3,10001,2019-09-17,10:30:00.000+03,11:10:00.000+03,1,1,1,1,0,0,0,0,0,,1989,6,30,2,4,1,,4,0,0,0,0,0,0,,1,,,,,,,,,,,,,,,,,,,,,,,,,,,,,,,,,,,,,,,,,,,,,,,,11,1,5,1,1,0,0,0,0,0,0,,1,,,,,4,0,0,0,1,0,0,0,0,1,1,0,0,3,,,,,,,,,,,,,2,,,10,,2 4,0,1,0,1,0,0,0,,1,6,120,10000,2,0,1,0,0,0,0,0,,1000,1,4,0,0,0,1,0,0,,1,3,6,0,0,0,0,0,1,0,0,0,0,2,0,1,0,0,0,0,0,0,0,1,3,2,2,2,2 3 4,0,1,1,1,0,0,0,0,0,0,,2,3,,,,,,,,,,,,,,,,,,,,,,,,,,,,,,,,,,,,,,,,,,,,,,,,,,,,,,,,,,,,,,,,,,,,,,,,,,,,,,,,,,,,2,,,,,,,,,,,,,,,,,,,,,,,,,,,,,,,,,,,,,,,,,,,,,,,,,,,,,,,,,,,,,,,,,,,,,,,,,,,,,,,,,,,,,,,,,,,,,,,,,,,,,,,,,,,,,,,4,0,0,0,1,0,0,0,0,0,0,0,0,4,2,,,,,,,,,,,,,,,,,,,,2,,,,,,,,,,,,,,,,,,,6,0,0,0,0,0,1,0,0,6,0,0,0,0,0,1,0,0,,,,,,,,,,,,,,,,,,,,,,,,,,,,2,0,1,2,0,1,0,0,0,0,0,0,0,0,0,0,0,0,0,2,,2,,,,,,,,,,,,2,,,,,,,,,,,,,,,,1,1 2 5,1,1,0,0,1,0,0,0,0,0,12,2,,,,,,,,,,,,,,2,,,,,,,,,,,,,,,,,,,,,,,,,,,,,,,,,,,,,,,,,,,,,,,,,4,2,,,,,,,,,,,,,,,,,,,,,,,,,,,,,,,,,2,,2,1 3 8,1,0,1,0,0,0,0,1,0,0,0,0,0,0,0,Yemen MCLA 2019 HH Questionnaire v14- 2019-09-19,892481,fb2d2a89-daa7-4200-8349-3e3656cf35c7,2019-09-19T09:58:25,,8
2019-09-19T12:20:41.679+02,2019-09-19T12:59:09.280+02,2019-09-19,3.52087E+14,Barcode,,131001001,4,10001,2019-09-17,11:15:00.000+02,11:50:00.000+02,1,1,4,0,0,0,1,0,0,,2000,6,19,1,6,2,,6,3,0,0,0,0,0,,1,,,,,,2,,2,40,1 2,1,1,0,0,0,0,0,0,0,0,0,0,2,0,1,0,0,0,0,0,0,0,0,0,1 5,1,0,0,0,1,0,0,0,0,4,6,,1,11,12,1,1,0,0,0,0,0,0,,4,,,,,8,0,0,0,0,0,0,0,1,3,0,0,1,,,,,,,,,,,,,,2,,4,10,,4,0,0,0,1,0,0,0,,3,6,100,3000,4,0,0,0,1,0,0,0,,2000,3,1,1,0,0,0,0,0,,1,3,1 2 3 5 6 7 8,1,1,1,0,1,1,1,1,0,0,1 3 4,1,0,1,1,0,0,0,0,0,1,3,1,1,2,2 3 6,0,1,1,0,0,1,0,0,0,0,,3,1,1,,,,,,,,,,,,,,,,,,,,,,,,,,,,,,,,,,,,,,,,,,,,,,,,1 2 5 8 9,1,1,0,0,1,0,0,1,1,0,0,0,0,0,0,0,0,0,0,0,0,0,0,0,,4,4,,,,,,,,1,24,0,0,0,0,0,0,0,0,0,0,0,0,0,0,0,0,0,0,0,0,0,0,0,1,0,0,Cholera,2,1,1,1,0,0,0,0,0,0,0,0,0,0,,2,1 3 5,1,0,1,0,1,0,0,0,0,0,0,0,0,0,0,0,0,2 4 9 10 11 12 13 15,0,1,0,1,0,0,0,0,1,1,1,1,1,0,1,0,0,2,,1,,,,,,,,,,,,,,,,,,,,,,,,,,,,2 5 9,0,1,0,0,1,0,0,0,1,0,0,0,4,2,,,,,,,,,,,,,,,,,,,,1,3,0,0,1,0,0,1 2 9,1,1,0,0,0,0,0,0,1,0,0,7,0,0,0,0,0,0,1,0,7,0,0,0,0,0,0,1,0,6,0,0,0,0,0,1,0,,,,,,,,,,,,,,,,,,,,2,0,1,3,0,0,1,0,0,0,0,0,0,0,0,0,0,0,0,,,1,6,0,0,0,0,0,1,0,0,0,0,1,1 5 6 7 8,1,0,0,0,1,1,1,1,0,0,0,0,0,0,1,2 5,0,1,0,0,1,0,0,0,0,0,3,2,,,,,,,,,,,,,,2,,,,,,,,,,,,,,,,,,,,,,,,,,,,,,,,,,,,,,,,,,,,,,,,,4,1,1 4 7 13 14,1,0,0,1,0,0,1,0,0,0,0,0,1,1,0,0,0,0,0,,1,1,0,0,0,0,0,0,0,0,1,2,,2,1 2 5,1,1,0,0,1,0,0,0,0,0,0,0,0,0,0,Yemen MCLA 2019 HH Questionnaire v14- 2019-09-19,892482,e701f771-c007-4513-b067-a16ddb25ebc5,2019-09-19T09:59:37,,9
2019-09-19T12:37:24.590+03:00,2019-09-19T12:59:35.561+03:00,2019-09-19,3.52087E+14,Barcode,,130308001,3,10006,2019-09-16,13:37:00.000+03:00,13:38:00.000+03:00,1,1,1,1,0,0,0,0,0,,1991,7,28,1,3,2,,3,0,0,0,0,0,0,,1,,,,,,,,,,,,,,,,,,,,,,,,,,,,,,,,,,,,,,,,,,,,,,,,1,2,3,1 2 3 4 5,1,1,1,1,1,0,0,,4,,,,,1 2 3 4 5 6 7,1,1,1,1,1,1,1,0,3,0,0,1,,,,,,,,,,,,,,1,,,10,,4,0,0,0,1,0,0,0,,1,2,300,5000,2 3,0,1,1,0,0,0,0,,5000,5,5,0,0,0,0,1,0,,1,3,10,0,0,0,0,0,0,0,0,0,1,1 2 3 4 5 6 7 8,1,1,1,1,1,1,1,1,0,2,1,2,3,1,,,,,,,,,,,,,4,7,,,,,,,,,,,,,,,,,,,,,,,,,,,,,,,,,,,,,,,,,,,,,,,,,,,,,,,,,,,,,,,,,,,,,,,,,,,,,,,,,,,,1,3 4,0,0,1,1,0,0,0,0,0,0,0,0,0,0,0,0,0,0,0,0,0,0,0,0,0,0,,2,1,3,0,0,1,0,0,0,0,0,0,0,0,,3,4,0,0,0,1,0,0,0,0,0,0,0,0,0,0,0,0,0,15,0,0,0,0,0,0,0,0,0,0,0,0,0,0,1,0,0,2,,2,8,0,0,0,0,0,0,0,1,???????,2 3 5,0,1,1,0,1,0,0,0,0,0,0,0,0,0,0,,2 3,0,1,1,0,0,0,0,0,0,0,0,0,4,2,,,,,,,,,,,,,,,,,,,,2,,,,,,,,,,,,,,,,,,,2 5,0,1,0,0,1,0,0,0,1 2 3 4 5,1,1,1,1,1,0,0,0,3,0,0,1,0,0,0,0,,,,,,,,,,,,,,,,,,,,2,0,1,1,1,0,0,0,0,0,0,0,0,0,0,0,0,0,0,2,,2,,,,,,,,,,,,2,,,,,,,,,,,,,,,,2,,,,,,,,,,,,12,2,,,,,,,,,,,,,,2,,,,,,,,,,,,,,,,,,,,,,,,,,,,,,,,,,,,,,,,,,,,,,,,,1,2,,,,,,,,,,,,,,,,,,,,,,,,,,,,,,,,,2,,2,1 4 5,1,0,0,1,1,0,0,0,0,0,0,0,0,0,0,Yemen MCLA 2019 HH Questionnaire v14- 2019-09-19,892483,30648182-1fab-4e7a-bf13-04321c4a187e,2019-09-19T09:59:48,,10
2019-09-19T11:42:10.140+03:00,2019-09-19T12:17:15.243+03:00,2019-09-19,3.55002E+13,Barcode,,130101004,1,10003,2019-09-16,13:40:00.000+03:00,14:10:00.000+03:00,1,1,1,1,0,0,0,0,0,,1990,7,29,1,3,2,,3,0,0,0,0,0,0,,1,,,,,,,,,,,,,,,,,,,,,,,,,,,,,,,,,,,,,,,,,,,,,,,,1,2,3,1 2 3 4 5,1,1,1,1,1,0,0,,4,,,,,1 2 5 6 7,1,1,0,0,1,1,1,0,3,0,0,1,,,,,,,,,,,,,,1,,,10,,4,0,0,0,1,0,0,0,,1,2,100,6000,2 3,0,1,1,0,0,0,0,,3000,1,5,0,0,0,0,1,0,,2,,10,0,0,0,0,0,0,0,0,0,1,1 2 3 4 5 6 7 8,1,1,1,1,1,1,1,1,0,2,1,,3,1,,,,,,,,,,,,,4,6,,,,,,,,,,,,,,,,,,,,,,,,,,,,,,,,,,,,,,,,,,,,,,,,,,,,,,,,,,,,,,,,,,,,,,,,,,,,,,,,,,,,1,4,0,0,0,1,0,0,0,0,0,0,0,0,0,0,0,0,0,0,0,0,0,0,0,0,0,0,,2,1,3,0,0,1,0,0,0,0,0,0,0,0,,1,5,0,0,0,0,1,0,0,0,0,0,0,0,0,0,0,0,0,13 14 8,0,0,0,0,0,0,0,1,0,0,0,0,1,1,0,0,0,4,,2,1 4 6,1,0,0,1,0,1,0,0,,1 3 5,1,0,1,0,1,0,0,0,0,0,0,0,0,0,0,,3,0,0,1,0,0,0,0,0,0,0,0,0,4,2,,,,,,,,,,,,,,,,,,,,2,,,,,,,,,,,,,,,,,,,1,1,0,0,0,0,0,0,0,1 5,1,0,0,0,1,0,0,0,3,0,0,1,0,0,0,0,,,,,,,,,,,,,,,,,,,,2,0,1,1,1,0,0,0,0,0,0,0,0,0,0,0,0,0,0,2,,2,,,,,,,,,,,,2,,,,,,,,,,,,,,,,2,,,,,,,,,,,,12,2,,,,,,,,,,,,,,2,,,,,,,,,,,,,,,,,,,,,,,,,,,,,,,,,,,,,,,,,,,,,,,,,1,2,,,,,,,,,,,,,,,,,,,,,,,,,,,,,,,,,2,,1,1 2 5,1,1,0,0,1,0,0,0,0,0,0,0,0,0,0,Yemen MCLA 2019 HH Questionnaire v14- 2019-09-19,892515,20441ab6-adb2-43ff-9f79-703e4c6f6e4c,2019-09-19T10:08:48,,11
2019-09-19T12:22:10.370+03:00,2019-09-19T13:07:03.263+03:00,2019-09-19,3.55002E+13,Barcode,,130308003,2,10003,2019-09-16,14:10:00.000+03:00,14:54:00.000+03:00,1,1,1,1,0,0,0,0,0,,1986,6,33,1,5,2,,5,1,0,0,0,0,0,,1,1,15,1514,151431,15143100101,,,,36,4,0,0,0,1,0,0,0,0,0,0,0,0,,,,,,,,,,,,,3 4 5,0,0,1,1,1,0,0,0,0,1,4,,1,2,3,1 2 3 4 5,1,1,1,1,1,0,0,2,4,,,,,1 2 3 4 5 6 7,1,1,1,1,1,1,1,0,3,0,0,1,,,,,,,,,,,,,,1,3,6,10,,4,0,0,0,1,0,0,0,,3,1,300,10000,1 3,1,0,1,0,0,0,0,,3000,5,3 4,0,0,1,1,0,0,,1,3,10,0,0,0,0,0,0,0,0,0,1,1 2 3 4 6 7 8,1,1,1,1,0,1,1,1,0,1,1,2,3,1,,,,,,,,,,,,,4,7,1,,,,,,,,,,,,,,,,,,,,,,,,,,,,,,,,,,,,,,,,,,,,,,,,1 2 3 4 5 6 7 8 9 10 12 13 14 15 16 17 18 19 20 21,1,1,1,1,1,1,1,1,1,1,0,1,1,1,1,1,1,1,1,1,1,0,0,0,,5,3,5,0,0,0,0,1,,1,13,0,0,0,0,0,0,0,0,0,0,0,0,1,0,0,0,0,0,0,0,0,0,0,0,0,0,,2,1,3,0,0,1,0,0,0,0,0,0,0,0,,2,6 11 13 14,0,0,0,0,0,1,0,0,0,0,1,0,1,1,0,0,0,15,0,0,0,0,0,0,0,0,0,0,0,0,0,0,1,0,0,1,30000,2,7,0,0,0,0,0,0,1,0,,2,0,1,0,0,0,0,0,0,0,0,0,0,0,0,0,,2 3 4,0,1,1,1,0,0,0,0,0,0,0,0,5,2,,,,,,,,,,,,,,,,,,,,2,,,,,,,,,,,,,,,,,,,5,0,0,0,0,1,0,0,0,1 2 3 4 5,1,1,1,1,1,0,0,0,2,0,1,0,0,0,0,0,,,,,,,,,,,,,,,,,,,,2,0,1,1 4,1,0,0,1,0,0,0,0,0,0,0,0,0,0,0,1,3,2,,,,,,,,,,,,1,4 6 7 10,0,0,0,1,0,1,1,0,0,1,0,0,0,0,1,4,0,0,0,1,0,0,0,0,0,0,12,2,,,,,,,,,,,,,,2,,,,,,,,,,,,,,,,,,,,,,,,,,,,,,,,,,,,,,,,,,,,,,,,,5,1,1 2 6 7 10,1,1,0,0,0,1,1,0,0,1,0,0,0,0,0,0,0,0,0,,5 6 7,0,0,0,0,1,1,1,0,0,2,2,,2,1 5 8,1,0,0,0,1,0,0,1,0,0,0,0,0,0,0,Yemen MCLA 2019 HH Questionnaire v14- 2019-09-19,892516,01b1d705-e98d-4446-b22d-8488f18ec250,2019-09-19T10:08:50,,12
2019-09-19T16:35:52.942+07,2019-09-19T17:19:28.470+07,2019-09-19,3.52087E+14,Barcode,,130401001,5,10006,2019-09-16,14:54:00.000+07,15:29:00.000+07,1,1,3,0,0,1,0,0,0,,1990,8,29,1,3,1,,3,0,0,0,0,0,0,,1,,,,,,7,Aden,1,5,1 7 8,1,0,0,0,0,0,1,1,0,0,0,0,1 7,1,0,0,0,0,0,1,0,0,0,0,7,0,0,0,0,0,0,0,0,1,1,5,,1,2,11,1 3 5,1,0,1,0,1,0,0,,1,,,,,8,0,0,0,0,0,0,0,1,1,1,0,0,6,,,,,,,,,,,,,1,,8,11,??? ???? ,5,0,0,0,0,1,0,0,,4,5,100,0,4,0,0,0,1,0,0,0,,25,1,2,0,1,0,0,0,0,,2,,3 4 5 7 8,0,0,1,1,1,0,1,1,0,0,1 2 3 4,1,1,1,1,0,0,0,0,0,3,,,1,3,3,0,0,1,0,0,0,0,0,0,0,,3,7,,,,,,,,,,,,,,,,,,,,,,,,,,,,,,,,,,,,,,,,,,,,,,,,,,,,,,,,,,,,,,,,,,,,,,,,,,,,,,,,,,,,1,13,0,0,0,0,0,0,0,0,0,0,0,0,1,0,0,0,0,0,0,0,0,0,0,0,0,0,,2,1,2,0,1,0,0,0,0,0,0,0,0,0,,3,1 5,1,0,0,0,1,0,0,0,0,0,0,0,0,0,0,0,0,11 13,0,0,0,0,0,0,0,0,0,0,1,0,1,0,0,0,0,1,5000,2,2,0,1,0,0,0,0,0,0,,1 2 9,1,1,0,0,0,0,0,0,1,0,0,0,0,0,0,,2,0,1,0,0,0,0,0,0,0,0,0,0,5,2,,,,,,,,,,,,,,,,,,,,1,2 3,0,1,1,0,0,9,0,0,0,0,0,0,0,0,1,0,0,7,0,0,0,0,0,0,1,0,6,0,0,0,0,0,1,0,0,6,0,0,0,0,0,1,0,,,,,,,,,,,,,,,,,,,,2,0,1,3,0,0,1,0,0,0,0,0,0,0,0,0,0,0,0,,,1,3 8,0,0,1,0,0,0,0,1,0,0,1,6 10 11 12,0,0,0,0,0,1,0,0,0,1,1,1,0,0,2,,,,,,,,,,,,11,1,2,0,1,0,0,0,1,2,0,1,0,0,0,2,,,,,,,,,,,,,,,,,,,,,,,,,,,,,,,,,,,,,,,,,,,,,,,,,5,1,1 6 7 8 10,1,0,0,0,0,1,1,1,0,1,0,0,0,0,0,0,0,0,0,,5 6,0,0,0,0,1,1,0,0,0,8,2,,2,1 2 8,1,1,0,0,0,0,0,1,0,0,0,0,0,0,0,Yemen MCLA 2019 HH Questionnaire v14- 2019-09-19,892583,fb8efedb-8f8d-46ea-85e0-f66dde2f1417,2019-09-19T10:19:42,,13
2019-09-19T13:01:37.424+03:00,2019-09-19T13:21:24.490+03:00,2019-09-19,3.52087E+14,Barcode,,130101005,4,10006,2019-09-16,14:02:00.000+03:00,14:02:00.000+03:00,1,1,3,0,0,1,0,0,0,,1985,6,34,1,3,2,,3,1,0,0,0,0,0,,1,,,,,,3,,1,48,3,0,0,1,0,0,0,0,0,0,0,0,0,3,0,0,1,0,0,0,0,0,0,0,0,5,0,0,0,0,1,0,0,0,0,1,1,,1,2,11,1,1,0,0,0,0,0,0,,4,,,,,2,0,1,0,0,0,0,0,0,3,0,0,1,,,,,,,,,,,,,,2,,6,10,,4,0,0,0,1,0,0,0,,1,5,100,5000,1 3,1,0,1,0,0,0,0,,2000,1,4,0,0,0,1,0,0,,2,,5,0,0,0,0,1,0,0,0,0,0,1 2 3 4 7,1,1,1,1,0,0,1,0,0,2,1,,3,1,,,,,,,,,,,,,4,7,2,,,,,,,,,,,,,,,,,,,,,,,,,,,,,,,,,,,,,,,,,,,,,,,,1 3 4 9 12 20,1,0,1,1,0,0,0,0,1,0,0,1,0,0,0,0,0,0,0,1,0,0,0,0,,5,4,,,,,,,,2,,,,,,,,,,,,,,,,,,,,,,,,,,,,,,,,,,,,,,,,,,,,,,,,,,,,,,,,,,,,,,,,,,,,,,,,,,,,,,,,,,,,,,,,,,,,,,,,,,,,,,,,,,,,,,,3,0,0,1,0,0,0,0,0,0,0,0,0,4,2,,,,,,,,,,,,,,,,,,,,3,,,,,,,,,,,,,,,,,,,1,1,0,0,0,0,0,0,0,1 5,1,0,0,0,1,0,0,0,5,0,0,0,0,1,0,0,,,,,,,,,,,,,,,,,,,,2,0,1,4,0,0,0,1,0,0,0,0,0,0,0,0,0,0,0,,,1,4,0,0,0,1,0,0,0,0,0,0,1,6,0,0,0,0,0,1,0,0,0,0,0,0,0,0,2,,,,,,,,,,,,11,2,,,,,,,,,,,,,,2,,,,,,,,,,,,,,,,,,,,,,,,,,,,,,,,,,,,,,,,,,,,,,,,,4,1,1 4,1,0,0,1,0,0,0,0,0,0,0,0,0,0,0,0,0,0,0,,5 6,0,0,0,0,1,1,0,0,0,1,2,,2,1 2 8,1,1,0,0,0,0,0,1,0,0,0,0,0,0,0,Yemen MCLA 2019 HH Questionnaire v14- 2019-09-19,892591,082ac7de-15b5-4fca-bbaf-70603ceff46b,2019-09-19T10:21:34,,14
2019-09-19T13:01:23.147+02,2019-09-19T13:25:12.372+02,2019-09-19,3.52087E+14,Barcode,,131001003,1,10001,2019-09-17,11:40:00.000+02,13:15:00.000+02,1,1,1,1,0,0,0,0,0,,1980,8,39,1,5,2,,5,2,0,0,0,0,0,,1,,,,,,,,,,,,,,,,,,,,,,,,,,,,,,,,,,,,,,,,,,,,,,,,8,11,12,1 2,1,1,0,0,0,0,0,,4,,,,,1 2 4,1,1,0,1,0,0,0,0,3,0,0,1,,,,,,,,,,,,,,1,,,10,,4 5,0,0,0,1,1,0,0,,2,1,120,12000,2 4,0,1,0,1,0,0,0,,2000,1,1 4,1,0,0,1,0,0,,1,3,2 6 7 8,0,1,0,0,0,1,1,1,0,0,1 2 3 4 7,1,1,1,1,0,0,1,0,0,1,1,2,3,1,,,,,,,,,,,,,1,3,2,,,,,,,,,,,,,,,,,,,,,,,,,,,,,,,,,,,,,,,,,,,,,,,,1 2 3 4 5 6 8 10 11 19 20 21,1,1,1,1,1,1,0,1,0,1,1,0,0,0,0,0,0,0,1,1,1,0,0,0,,1,2,1 2 3 4,1,1,1,1,0,,1,3 4,0,0,1,1,0,0,0,0,0,0,0,0,0,0,0,0,0,0,0,0,0,0,0,0,0,0,,2,1,4,0,0,0,1,0,0,0,0,0,0,0,,2,3 5 6 8 11 14,0,0,1,0,1,1,0,1,0,0,1,0,0,1,0,0,0,2 4 7 9 10 12 13,0,1,0,1,0,0,1,0,1,1,0,1,1,0,0,0,0,1,6000,2,2 4,0,1,0,1,0,0,0,0,,2 3 4,0,1,1,1,0,0,0,0,0,0,0,0,0,0,0,,10,0,0,0,0,0,0,0,0,0,1,0,0,4,2,,,,,,,,,,,,,,,,,,,,2,,,,,,,,,,,,,,,,,,,6,0,0,0,0,0,1,0,0,6,0,0,0,0,0,1,0,0,3,0,0,1,0,0,0,0,,,,,,,,,,,,,,,,,,,,2,0,1,3 5 7,0,0,1,0,1,0,1,0,0,0,0,0,0,0,0,,,2,,,,,,,,,,,,1,2 4 5 6 7,0,1,0,1,1,1,1,0,0,0,0,0,0,0,1,1 2 5,1,1,0,0,1,0,0,0,0,0,2,2,,,,,,,,,,,,,,1,1,1,0,0,0,0,0,0,0,0,0,0,0,0,0,0,0,0,0,0,1 8,1,0,0,0,0,0,0,1,0,0,2,1 2 6,1,1,0,0,0,1,0,0,0,0,0,0,0,2,1,5,1,1 6 7 14 16,1,0,0,0,0,1,1,0,0,0,0,0,0,1,0,1,0,0,0,,2 5 6,0,1,0,0,1,1,0,0,0,1,1,2,2,1 2 3,1,1,1,0,0,0,0,0,0,0,0,0,0,0,0,Yemen MCLA 2019 HH Questionnaire v14- 2019-09-19,892605,94fb3a95-caad-4bd1-8b85-c665fe5a35d0,2019-09-19T10:26:50,,15
2019-09-19T12:36:36.027+03,2019-09-19T13:34:35.159+03,2019-09-19,3.52087E+14,Barcode,,130601002,3,10004,2019-09-17,12:20:00.000+03,12:55:00.000+03,1,1,1,1,0,0,0,0,0,,1986,10,33,1,4,2,,4,0,0,0,0,0,0,,1,,,,,,,,,,,,,,,,,,,,,,,,,,,,,,,,,,,,,,,,,,,,,,,,11,1,2,3 5,0,0,1,0,1,0,0,,1,,,,,1,1,0,0,0,0,0,0,0,1,1,0,0,2,,,,,,,,,,,,,2,,,11,?????? ??????,5,0,0,0,0,1,0,0,,2,5,60,0,4,0,0,0,1,0,0,0,,160,3,1,1,0,0,0,0,0,,2,,1 2 3 4 5 6 7,1,1,1,1,1,1,1,0,0,0,9,0,0,0,0,0,0,0,0,1,3,,,3,3,2 6,0,1,0,0,0,1,0,0,0,0,,3,7,,,,,,,,,,,,,,,,,,,,,,,,,,,,,,,,,,,,,,,,,,,,,,,,,,,,,,,,,,,,,,,,,,,,,,,,,,,,,,,,,,,,1,24,0,0,0,0,0,0,0,0,0,0,0,0,0,0,0,0,0,0,0,0,0,0,0,1,0,0,??? ???????,2,2,,,,,,,,,,,,,,,,,,,,,,,,,,,,,,,,,,,,,,,,,,,,,,,,,,,,,,,,,,,,,,,,,,,,,,,,,,,,,,,,,2,0,1,0,0,0,0,0,0,0,0,0,0,3,2,,,,,,,,,,,,,,,,,,,,1,1 2,1,1,0,0,0,2 8 9,0,1,0,0,0,0,0,1,1,0,0,6,0,0,0,0,0,1,0,0,2,0,1,0,0,0,0,0,0,2,0,1,0,0,0,0,0,,,,,,,,,,,,,,,,,,,,2,0,1,3 9,0,0,1,0,0,0,0,0,1,0,0,0,0,0,0,,,1,3 4 8,0,0,1,1,0,0,0,1,0,0,1,5 6 8 9,0,0,0,0,1,1,0,1,1,0,0,0,0,0,1,2 5 9,0,1,0,0,1,0,0,0,1,0,11,2,,,,,,,,,,,,,,2,,,,,,,,,,,,,,,,,,,,,,,,,,,,,,,,,,,,,,,,,,,,,,,,,4,1,1 4 7 14 16,1,0,0,1,0,0,1,0,0,0,0,0,0,1,0,1,0,0,0,,5,0,0,0,0,1,0,0,0,0,8,2,,2,1 2 8,1,1,0,0,0,0,0,1,0,0,0,0,0,0,0,Yemen MCLA 2019 HH Questionnaire v14- 2019-09-19,892623,cfd899d4-b4c6-4144-a1b7-2e1863b2f488,2019-09-19T10:34:58,,16
2019-09-19T12:47:44.968+03,2019-09-19T13:51:29.366+03,2019-09-19,3.52087E+14,Barcode,,130801003,2,10002,2019-09-17,15:30:00.000+03,16:30:00.000+03,1,1,1,1,0,0,0,0,0,,1990,5,29,1,6,2,,6,1,0,0,0,0,0,,1,3,15,1516,151624,15162410200,,,,18,3 7 8,0,0,1,0,0,0,1,1,0,0,0,0,,,,,,,,,,,,,4 5 6,0,0,0,1,1,1,0,0,0,1,1,,1,11,5,1 3,1,0,1,0,0,0,0,1,2,,,,,8,0,0,0,0,0,0,0,1,3,0,0,1,,,,,,,,,,,,,,2,3,1,11,??? ?? ?????? ?? ??????,5,0,0,0,0,1,0,0,,2,6,100,0,4 5,0,0,0,1,1,0,0,,250,2,3,0,0,1,0,0,0,,1,2,1 2 3 5 6 7 8 9,1,1,1,0,1,1,1,1,1,0,1 2 3 7,1,1,1,0,0,0,1,0,0,1,2,2,1,1,,,,,,,,,,,,,4,1,1,,,,,,,,,,,,,,,,,,,,,,,,,,,,,,,,,,,,,,,,,,,,,,,,1 3 4 5 6 8 9 11 12,1,0,1,1,1,1,0,1,1,0,1,1,0,0,0,0,0,0,0,0,0,0,0,0,,4,4,,,,,,,,1,4 12 16 19 20,0,0,0,1,0,0,0,0,0,0,0,1,0,0,0,1,0,0,1,1,0,0,0,0,0,0,,2,1,2,0,1,0,0,0,0,0,0,0,0,0,,1,1 5 6 11 14,1,0,0,0,1,1,0,0,0,0,1,0,0,1,0,0,0,2 3 8 9 10 12 13,0,1,1,0,0,0,0,1,1,1,0,1,1,0,0,0,0,1,3000,2,2 4,0,1,0,1,0,0,0,0,,2 3 5,0,1,1,0,1,0,0,0,0,0,0,0,0,0,0,,4 8 9,0,0,0,1,0,0,0,1,1,0,0,0,4,2,,,,,,,,,,,,,,,,,,,,1,3,0,0,1,0,0,1,1,0,0,0,0,0,0,0,0,0,0,2,0,1,0,0,0,0,0,0,2 3,0,1,1,0,0,0,0,0,1 2 3,1,1,1,0,0,0,0,,,,,,,,,,,,,,,,,,,,1,1,0,3 7 9,0,0,1,0,0,0,1,0,1,0,0,0,0,0,0,,,2,,,,,,,,,,,,1,1 4 5 6 7 10 12,1,0,0,1,1,1,1,0,0,1,0,1,0,0,1,1 2 5,1,1,0,0,1,0,0,0,0,0,11,2,,,,,,,,,,,,,,2,,,,,,,,,,,,,,,,,,,,,,,,,,,,,,,,,,,,,,,,,,,,,,,,,5,1,1 6 7 8 9,1,0,0,0,0,1,1,1,1,0,0,0,0,0,0,0,0,0,0,,1 2 6,1,1,0,0,0,1,0,0,0,1,1,2,2,1 3 8,1,0,1,0,0,0,0,1,0,0,0,0,0,0,0,Yemen MCLA 2019 HH Questionnaire v14- 2019-09-19,892649,8baef285-5e46-4b20-8349-dc11e00ee5c0,2019-09-19T10:51:13,,17
2019-09-19T17:25:19.084+07,2019-09-19T17:59:03.315+07,2019-09-19,3.52087E+14,Barcode,,130308002,1,10006,2019-09-17,12:00:00.000+07,12:36:00.000+07,1,1,1,1,0,0,0,0,0,,1987,7,32,1,4,2,,4,0,0,0,0,0,0,,1,,,,,,,,,,,,,,,,,,,,,,,,,,,,,,,,,,,,,,,,,,,,,,,,1,2,5,1 4 6,1,0,0,1,0,1,0,,4,,,,,4 6 7,0,0,0,1,0,1,1,0,3,0,0,1,,,,,,,,,,,,,,3,,,5,,5,0,0,0,0,1,0,0,,1,5,200,0,3,0,0,1,0,0,0,0,,1500,1,1,1,0,0,0,0,0,,2,,8 9,0,0,0,0,0,0,0,1,1,0,1 4 7,1,0,0,1,0,0,1,0,0,3,,,3,1,,,,,,,,,,,,,3,3,,,,,,,,,,,,,,,,,,,,,,,,,,,,,,,,,,,,,,,,,,,,,,,,,,,,,,,,,,,,,,,,,,,,,,,,,,,,,,,,,,,,2,,,,,,,,,,,,,,,,,,,,,,,,,,,,,,,,,,,,,,,,,,,,,,,,,,,,,,,,,,,,,,,,,,,,,,,,,,,,,,,,,,,,,,,,,,,,,,,,,,,,,,,,,,,,,,,2 3 4,0,1,1,1,0,0,0,0,0,0,0,0,4,2,,,,,,,,,,,,,,,,,,,,2,,,,,,,,,,,,,,,,,,,6,0,0,0,0,0,1,0,0,6,0,0,0,0,0,1,0,0,1,1,0,0,0,0,0,0,,,,,,,,,,,,,,,,,,,,2,0,1,1,1,0,0,0,0,0,0,0,0,0,0,0,0,0,0,2,,1,3 4 5,0,0,1,1,1,0,0,0,0,0,2,,,,,,,,,,,,,,,,1,8,0,0,0,0,0,0,0,1,0,0,12,2,,,,,,,,,,,,,,2,,,,,,,,,,,,,,,,,,,,,,,,,,,,,,,,,,,,,,,,,,,,,,,,,5,1,1 2 6 8 10,1,1,0,0,0,1,0,1,0,1,0,0,0,0,0,0,0,0,0,,5,0,0,0,0,1,0,0,0,0,7,2,,2,2 7 8,0,1,0,0,0,0,1,1,0,0,0,0,0,0,0,Yemen MCLA 2019 HH Questionnaire v14- 2019-09-19,892681,e943efc8-f600-4634-8251-7855d412c8ae,2019-09-19T10:59:29,,18
2019-09-19T13:49:26.481+03,2019-09-19T14:15:54.325+03,2019-09-19,9.90001E+13,Barcode,,130201004,1,10006,2019-09-16,11:23:00.000+03,12:30:00.000+03,1,2,2,0,1,0,0,0,0,,1993,5,26,2,4,2,,4,1,0,0,0,0,0,,1,,,,,,,,,,,,,,,,,,,,,,,,,,,,,,,,,,,,,,,,,,,,,,,,1,2,3,1 2 3 4 5,1,1,1,1,1,0,0,,4,,,,,1 2 3 4 5 6 7,1,1,1,1,1,1,1,0,3,0,0,1,,,,,,,,,,,,,,1,,,10,,4 5,0,0,0,1,1,0,0,,1,3,100,7500,1,1,0,0,0,0,0,0,,2000,5,5,0,0,0,0,1,0,,1,3,10,0,0,0,0,0,0,0,0,0,1,1 2 3 4 5 6 7,1,1,1,1,1,1,1,0,0,2,1,2,3,1,,,,,,,,,,,,,1,7,2,,,,,,,,,,,,,,,,,,,,,,,,,,,,,,,,,,,,,,,,,,,,,,,,1 3 4 5 6 8 9 11 12 13 14 15 16 17 18 19 20,1,0,1,1,1,1,0,1,1,0,1,1,1,1,1,1,1,1,1,1,0,0,0,0,,1,1,,,,,,,,2,,,,,,,,,,,,,,,,,,,,,,,,,,,,,,,,,,,,,,,,,,,,,,,,,,,,,,,,,,,,,,,,,,,,,,,,,,,,,,,,,,,,,,,,,,,,,,,,,,,,,,,,,,,,,,,2 3 4,0,1,1,1,0,0,0,0,0,0,0,0,4,2,,,,,,,,,,,,,,,,,,,,2,,,,,,,,,,,,,,,,,,,2 5,0,1,0,0,1,0,0,0,1 2 3 4 5,1,1,1,1,1,0,0,0,2 7,0,1,0,0,0,0,1,,,,,,,,,,,,,,,,,,,,2,0,1,1,1,0,0,0,0,0,0,0,0,0,0,0,0,0,0,2,,2,,,,,,,,,,,,1,6,0,0,0,0,0,1,0,0,0,0,0,0,0,0,2,,,,,,,,,,,,11,2,,,,,,,,,,,,,,2,,,,,,,,,,,,,,,,,,,,,,,,,,,,,,,,,,,,,,,,,,,,,,,,,1,1,2 3 4 5,0,1,1,1,1,0,0,0,0,0,0,0,0,0,0,0,0,0,0,,5 6,0,0,0,0,1,1,0,0,0,4,2,,1,1 2 3,1,1,1,0,0,0,0,0,0,0,0,0,0,0,0,Yemen MCLA 2019 HH Questionnaire v14- 2019-09-19??,892705,ded8cc17-2d23-4b86-a9e4-0ce643435bbb,2019-09-19T11:16:17,,19
2019-09-19T17:06:16.747+07,2019-09-19T18:18:03.791+07,2019-09-19,3.52087E+14,Barcode,,130401002,5,10005,2019-09-17,12:00:00.000+07,23:50:00.000+07,1,1,2,0,1,0,0,0,0,,1988,10,31,1,5,2,,5,0,0,0,0,0,0,,1,,,,,,3,,4,12,9,0,0,0,0,0,0,0,0,1,0,0,0,6,0,0,0,0,0,1,0,0,0,0,0,2 4 5,0,1,0,1,1,0,0,0,0,1,7,,1,9,7,1,1,0,0,0,0,0,0,,4,,,,,2 6,0,1,0,0,0,1,0,0,3,0,0,1,,,,,,,,,,,,,,2,,6,11,????,5,0,0,0,0,1,0,0,,4,3,70,0,4,0,0,0,1,0,0,0,,80,1,2,0,1,0,0,0,0,,1,2,3,0,0,1,0,0,0,0,0,0,0,3,0,0,1,0,0,0,0,0,0,2,2,2,3,1,,,,,,,,,,,,,4,5,,,,,,,,,,,,,,,,,,,,,,,,,,,,,,,,,,,,,,,,,,,,,,,,,,,,,,,,,,,,,,,,,,,,,,,,,,,,,,,,,,,,1,23,0,0,0,0,0,0,0,0,0,0,0,0,0,0,0,0,0,0,0,0,0,0,1,0,0,0,,2,2,,,,,,,,,,,,,,,,,,,,,,,,,,,,,,,,,,,,,,,,,,,,,,,,,,,,,,,,,,,,,,,,,,,,,,,,,,,,,,,,,2 3,0,1,1,0,0,0,0,0,0,0,0,0,4,1,4,20000,15,0,0,0,0,0,0,0,0,0,0,0,0,0,0,1,0,2,,,,,,,,,,,,,,,,,,,4,0,0,0,1,0,0,0,0,2 4,0,1,0,1,0,0,0,0,6,0,0,0,0,0,1,0,,,,,,,,,,,,,,,,,,,,2,0,1,3,0,0,1,0,0,0,0,0,0,0,0,0,0,0,0,,,2,,,,,,,,,,,,2,,,,,,,,,,,,,,,,2,,,,,,,,,,,,11,2,,,,,,,,,,,,,,1,1,1,0,0,0,0,0,0,0,0,0,0,0,0,0,0,0,0,0,0,1,1,0,0,0,0,0,0,0,0,0,2,1 4 5,1,0,0,1,1,0,0,0,0,0,0,0,0,2,2,4,1,7 8 9 13,0,0,0,0,0,0,1,1,1,0,0,0,1,0,0,0,0,0,0,,4 5 6,0,0,0,1,1,1,0,0,0,8,2,,2,1 2 8,1,1,0,0,0,0,0,1,0,0,0,0,0,0,0,Yemen MCLA 2019 HH Questionnaire v14- 2019-09-19,892712,201f0065-c60a-4739-8fa0-2b0c7b095ee2,2019-09-19T11:18:13,,20
2019-09-19T13:18:49.644+07,2019-09-19T14:20:43.364+07,2019-09-19,3.52087E+14,Manual,130201001,,5,10003,2019-09-17,11:20:00.000+07,11:40:00.000+07,1,1,4,0,0,0,1,0,0,,1986,10,33,1,5,2,,5,1,0,0,0,0,0,,1,,,,,,3,,2,27,1 3 4,1,0,1,1,0,0,0,0,0,0,0,0,3 7,0,0,1,0,0,0,1,0,0,0,0,5 7,0,0,0,0,1,0,0,0,1,1,5,,1,11,18,3,0,0,1,0,0,0,0,,2,,,,,8,0,0,0,0,0,0,0,1,3,0,0,1,,,,,,,,,,,,,,2,,6,11,????,5,0,0,0,0,1,0,0,,2,5,80,0,4 5,0,0,0,1,1,0,0,,100,3,1,1,0,0,0,0,0,,1,2,1 2 5 9,1,1,0,0,1,0,0,0,1,0,1 2 3 4 7,1,1,1,1,0,0,1,0,0,3,,1,1,2,3 4,0,0,1,1,0,0,0,0,0,0,,1,6,1,,,,,,,,,,,,,,,,,,,,,,,,,,,,,,,,,,,,,,,,,,,,,,,,11 12,0,0,0,0,0,0,0,0,0,0,1,1,0,0,0,0,0,0,0,0,0,0,0,0,,1,2,2 3,0,1,1,0,0,,1,24,0,0,0,0,0,0,0,0,0,0,0,0,0,0,0,0,0,0,0,0,0,0,0,1,0,0,Faver,2,2,,,,,,,,,,,,,,,,,,,,,,,,,,,,,,,,,,,,,,,,,,,,,,,,,,,,,,,,,,,,,,,,,,,,,,,,,,,,,,,,,3 7,0,0,1,0,0,0,1,0,0,0,0,0,5,2,,,,,,,,,,,,,,,,,,,,1,2,0,1,0,0,0,1,1,0,0,0,0,0,0,0,0,0,0,7,0,0,0,0,0,0,1,0,7,0,0,0,0,0,0,1,0,1 6,1,0,0,0,0,1,0,,,,,,,,,,,,,,,,,,,,2,0,1,3 10,0,0,1,0,0,0,0,0,0,1,0,0,0,0,0,,,1,3 4,0,0,1,1,0,0,0,0,0,0,1,6 12,0,0,0,0,0,1,0,0,0,0,0,1,0,0,2,,,,,,,,,,,,11,2,,,,,,,,,,,,,,2,,,,,,,,,,,,,,,,,,,,,,,,,,,,,,,,,,,,,,,,,,,,,,,,,5,1,1 4 7,1,0,0,1,0,0,1,0,0,0,0,0,0,0,0,0,0,0,0,,5 6 7,0,0,0,0,1,1,1,0,0,8,2,,2,1 8 12,1,0,0,0,0,0,0,1,0,0,0,1,0,0,0,Yemen MCLA 2019 HH Questionnaire v14- 2019-09-19,892721,13a9b133-ce7d-4152-b2f7-43f403e4dcff,2019-09-19T11:19:22,,21
2019-09-19T13:38:39.638+02,2019-09-19T14:30:37.663+02,2019-09-19,3.52087E+14,Barcode,,131001004,2,10001,2019-09-17,13:20:00.000+02,15:00:00.000+02,1,1,1,1,0,0,0,0,0,,1978,2,41,1,6,2,,6,4,0,0,0,0,0,,1,2,18,1823,182321,18232110100,,,,14,2 4 7,0,1,0,1,0,0,1,0,0,0,0,0,,,,,,,,,,,,,4 5 6,0,0,0,1,1,1,0,0,0,4,6,,11,6,7,1,1,0,0,0,0,0,0,1,2,,,,,8,0,0,0,0,0,0,0,1,3,0,0,1,,,,,,,,,,,,,,2,3,6,3,,5,0,0,0,0,1,0,0,,3,5,50,10000,4 5,0,0,0,1,1,0,0,,1000,3,1 3,1,0,1,0,0,0,,2,,10,0,0,0,0,0,0,0,0,0,1,1 2 3 4,1,1,1,1,0,0,0,0,0,1,3,,3,2,1 2 3,1,1,1,0,0,0,0,0,0,0,,2,3,1,,,,,,,,,,,,,,,,,,,,,,,,,,,,,,,,,,,,,,,,,,,,,,,,1 2 3 4 5 6 7 8 10 11 12 13 14 16 17 19 20 21,1,1,1,1,1,1,1,1,0,1,1,1,1,1,0,1,1,0,1,1,1,0,0,0,,4,3,1 2 3 4,1,1,1,1,0,,1,3 12 13 19 24,0,0,1,0,0,0,0,0,0,0,0,1,1,0,0,0,0,0,1,0,0,0,0,1,0,0,Bone,1,1,1,1,0,0,0,0,0,0,0,0,0,0,,2,1 3 5 6,1,0,1,0,1,1,0,0,0,0,0,0,0,0,0,0,0,2 4 7 9 10 11 12 13,0,1,0,1,0,0,1,0,1,1,1,1,1,0,0,0,0,1,14500,2,2,0,1,0,0,0,0,0,0,,3 4 7,0,0,1,1,0,0,1,0,0,0,0,0,0,0,0,,2 5 9,0,1,0,0,1,0,0,0,1,0,0,0,4,2,,,,,,,,,,,,,,,,,,,,2,,,,,,,,,,,,,,,,,,,6,0,0,0,0,0,1,0,0,6,0,0,0,0,0,1,0,0,1 2 3 6,1,1,1,0,0,1,0,,,,,,,,,,,,,,,,,,,,1,1,0,3,0,0,1,0,0,0,0,0,0,0,0,0,0,0,0,,,1,4 5 8,0,0,0,1,1,0,0,1,0,0,1,1 2 4 5 6 7 8,1,1,0,1,1,1,1,1,0,0,0,0,0,0,1,1 2 5,1,1,0,0,1,0,0,0,0,0,3,2,,,,,,,,,,,,,,1,1,1,0,0,0,0,0,0,0,0,0,0,0,0,0,0,0,0,0,0,1,1,0,0,0,0,0,0,0,0,0,2,1 2 9,1,1,0,0,0,0,0,0,1,0,0,0,0,2,2,3,1,1 4 6 7 9,1,0,0,1,0,1,1,0,1,0,0,0,0,0,0,0,0,0,0,,1 2 3,1,1,1,0,0,0,0,0,0,1,1,2,2,2 3 4,0,1,1,1,0,0,0,0,0,0,0,0,0,0,0,Yemen MCLA 2019 HH Questionnaire v14- 2019-09-19,892778,00c75d56-f011-46a7-aafc-bd92f855f4e6,2019-09-19T11:30:51,,22
2019-09-19T13:19:10.511+03,2019-09-19T14:37:26.431+03,2019-09-19,3.52087E+14,Manual,131001005,,4,10001,2019-09-17,15:10:00.000+03,15:40:00.000+03,1,1,3,0,0,1,0,0,0,,1982,6,37,1,9,2,,9,4,0,0,0,0,0,,1,,,,,,7,????? /???,3,95,4 8 9,0,0,0,1,0,0,0,1,1,0,0,0,2 3,0,1,1,0,0,0,0,0,0,0,0,4,0,0,0,1,0,0,0,0,0,4,5,,1,11,5,1 3,1,0,1,0,0,0,0,,2,,,,,8,0,0,0,0,0,0,0,1,1 2,1,1,0,2,,,,,,,,,,,,,2,,2,11,???? ?????? ???????,5,0,0,0,0,1,0,0,,2,5,100,0,4 5,0,0,0,1,1,0,0,,200,4,1,1,0,0,0,0,0,,1,4,1 2 3 4,1,1,1,1,0,0,0,0,0,0,1 3,1,0,1,0,0,0,0,0,0,3,,2,1,2,1 2 3 6,1,1,1,0,0,1,0,0,0,0,,3,3,2,,,,,,,,,,,,,,,,,,,,,,,,,,,,,,,,,,,,,,,,,,,,,,,,22,0,0,0,0,0,0,0,0,0,0,0,0,0,0,0,0,0,0,0,0,0,1,0,0,????? ????? ??????? ?????????,4,3,4,0,0,0,1,0,,1,3 4 19,0,0,1,1,0,0,0,0,0,0,0,0,0,0,0,0,0,0,1,0,0,0,0,0,0,0,,2,1,3,0,0,1,0,0,0,0,0,0,0,0,,3,1 5 6 8,1,0,0,0,1,1,0,1,0,0,0,0,0,0,0,0,0,2 4 9 10 11 12 13 14,0,1,0,1,0,0,0,0,1,1,1,1,1,1,0,0,0,1,50000,2,2,0,1,0,0,0,0,0,0,,2 3 4,0,1,1,1,0,0,0,0,0,0,0,0,0,0,0,,2,0,1,0,0,0,0,0,0,0,0,0,0,3,2,,,,,,,,,,,,,,,,,,,,1,1 3,1,0,1,0,0,1 2,1,1,0,0,0,0,0,0,0,0,0,2 3,0,1,1,0,0,0,0,0,2,0,1,0,0,0,0,0,0,3,0,0,1,0,0,0,0,,,,,,,,,,,,,,,,,,,,1,1,0,3,0,0,1,0,0,0,0,0,0,0,0,0,0,0,0,,,2,,,,,,,,,,,,1,1 5 8 14,1,0,0,0,1,0,0,1,0,0,0,0,0,1,1,2 5,0,1,0,0,1,0,0,0,0,0,9,1,1,1,0,0,0,0,1,2,0,1,0,0,0,1,1 4,1,0,0,1,0,0,0,0,0,0,0,0,0,0,0,0,0,0,0,1,1,0,0,0,0,0,0,0,0,0,2,1 2 4,1,1,0,1,0,0,0,0,0,0,0,0,0,1,1,2,1,1 7 8 9,1,0,0,0,0,0,1,1,1,0,0,0,0,0,0,0,0,0,0,,6 7,0,0,0,0,0,1,1,0,0,8,1,2,2,8,0,0,0,0,0,0,0,1,0,0,0,0,0,0,0,Yemen MCLA 2019 HH Questionnaire v14- 2019-09-19,892783,d52cd9cb-e307-4607-bdff-747d363a5361,2019-09-19T11:34:04,,23
2019-09-19T13:56:20.208+03,2019-09-19T14:42:48.345+03,2019-09-19,3.52087E+14,Barcode,,130801001,4,10002,2019-09-17,14:51:00.000+03,15:55:00.000+03,1,1,4,0,0,0,1,0,0,,1996,11,23,1,6,2,,6,1,0,0,0,0,0,,1,,,,,,3,,3,12,2 4 9,0,1,0,1,0,0,0,0,1,0,0,0,9,0,0,0,0,0,0,0,0,1,0,0,4 5,0,0,0,1,1,0,0,0,0,1,2,,1,11,5,3,0,0,1,0,0,0,0,,2,,,,,2,0,1,0,0,0,0,0,0,1,1,0,0,3,,,,,,,,,,,,,4,,6,3,,5,0,0,0,0,1,0,0,,4,5,20,0,4 5,0,0,0,1,1,0,0,,1000,4,1 2,1,1,0,0,0,0,,1,2,1 2 3 5 6 7 8 9,1,1,1,0,1,1,1,1,1,0,1 2 3 4,1,1,1,1,0,0,0,0,0,3,,6,,3,10,0,0,0,0,0,0,0,0,0,1,??? ???? ???? ????,3,6,1,,,,,,,,,,,,,,,,,,,,,,,,,,,,,,,,,,,,,,,,,,,,,,,,1 2 5 6,1,1,0,0,1,1,0,0,0,0,0,0,0,0,0,0,0,0,0,0,0,0,0,0,,4,3,5,0,0,0,0,1,,2,,,,,,,,,,,,,,,,,,,,,,,,,,,,,,,,,,,,,,,,,,,,,,,,,,,,,,,,,,,,,,,,,,,,,,,,,,,,,,,,,,,,,,,,,,,,,,,,,,,,,,,,,,,,,,,2 3,0,1,1,0,0,0,0,0,0,0,0,0,4,2,,,,,,,,,,,,,,,,,,,,2,,,,,,,,,,,,,,,,,,,2,0,1,0,0,0,0,0,0,2,0,1,0,0,0,0,0,0,6,0,0,0,0,0,1,0,,,,,,,,,,,,,,,,,,,,2,0,1,3,0,0,1,0,0,0,0,0,0,0,0,0,0,0,0,,,2,,,,,,,,,,,,1,4 5 6 7,0,0,0,1,1,1,1,0,0,0,0,0,0,0,1,2,0,1,0,0,0,0,0,0,0,0,11,1,1,1,0,0,0,0,1,1,1,0,0,0,0,2,,,,,,,,,,,,,,,,,,,,,,,,,,,,,,,,,,,,,,,,,,,,,,,,,2,1,1 6 7 8 9,1,0,0,0,0,1,1,1,1,0,0,0,0,0,0,0,0,0,0,,1 3,1,0,1,0,0,0,0,0,0,1,2,,2,1 8 12,1,0,0,0,0,0,0,1,0,0,0,1,0,0,0,Yemen MCLA 2019 HH Questionnaire v14- 2019-09-19,892799,36761eef-f4f3-4d35-9dd9-2225e3e4aae3,2019-09-19T11:42:32,,24
2019-09-19T18:07:44.949+07,2019-09-19T18:44:19.596+07,2019-09-19,3.52087E+14,Barcode,,130308005,2,10006,2019-09-17,15:01:00.000+07,14:40:00.000+07,1,1,1,1,0,0,0,0,0,,1991,3,28,2,6,2,,6,2,0,0,0,0,0,,2,2,18,1823,182321,18232110100,,,,15,4,0,0,0,1,0,0,0,0,0,0,0,0,,,,,,,,,,,,,4,0,0,0,1,0,0,0,0,0,4,4,,1,2,11,1 2 3,1,1,1,0,0,0,0,2,4,,,,,1 2,1,1,0,0,0,0,0,0,3,0,0,1,,,,,,,,,,,,,,2,3,6,11,????? ???? ,1,1,0,0,0,0,0,0,,1,4,100,2500,2 3,0,1,1,0,0,0,0,,1000,5,5,0,0,0,0,1,0,,1,3,10,0,0,0,0,0,0,0,0,0,1,1 2 3 7,1,1,1,0,0,0,1,0,0,2,1,2,3,1,,,,,,,,,,,,,4,3,1,,,,,,,,,,,,,,,,,,,,,,,,,,,,,,,,,,,,,,,,,,,,,,,,1 2 3 4 5,1,1,1,1,1,0,0,0,0,0,0,0,0,0,0,0,0,0,0,0,0,0,0,0,,4,3,1 2 4,1,1,0,1,0,,2,,,,,,,,,,,,,,,,,,,,,,,,,,,,,,,,,,,,,,,,,,,,,,,,,,,,,,,,,,,,,,,,,,,,,,,,,,,,,,,,,,,,,,,,,,,,,,,,,,,,,,,,,,,,,,,3,0,0,1,0,0,0,0,0,0,0,0,0,1,2,,,,,,,,,,,,,,,,,,,,2,,,,,,,,,,,,,,,,,,,2,0,1,0,0,0,0,0,0,5,0,0,0,0,1,0,0,0,2,0,1,0,0,0,0,0,,,,,,,,,,,,,,,,,,,,2,0,1,1,1,0,0,0,0,0,0,0,0,0,0,0,0,0,0,1,3,2,,,,,,,,,,,,1,13,0,0,0,0,0,0,0,0,0,0,0,0,1,0,1,4,0,0,0,1,0,0,0,0,0,0,10,2,,,,,,,,,,,,,,2,,,,,,,,,,,,,,,,,,,,,,,,,,,,,,,,,,,,,,,,,,,,,,,,,5,1,2 4 5 9,0,1,0,1,1,0,0,0,1,0,0,0,0,0,0,0,0,0,0,,1 5 6,1,0,0,0,1,1,0,0,0,1,2,,1,1 11,1,0,0,0,0,0,0,0,0,0,1,0,0,0,0,Yemen MCLA 2019 HH Questionnaire v14- 2019-09-19,892801,bb08829d-5cc9-4c17-b6ee-ac7f688ae893,2019-09-19T11:44:33,,25
2019-09-19T13:44:57.272+03,2019-09-19T14:48:41.100+03,2019-09-19,3.52087E+14,Barcode,,130708001,2,10004,2019-09-17,11:35:00.000+03,12:20:00.000+03,1,1,1,1,0,0,0,0,0,,1987,7,32,1,4,2,,4,0,0,0,0,0,0,,1,1,15,1520,152027,15202710300,,,,48,4 7 8,0,0,0,1,0,0,1,1,0,0,0,0,,,,,,,,,,,,,5,0,0,0,0,1,0,0,0,0,4,4,,1,2,7,2 6,0,1,0,0,0,1,0,1,4,,,,,2 4,0,1,0,1,0,0,0,0,3,0,0,1,,,,,,,,,,,,,,4,3,6,11,???? ??????,5,0,0,0,0,1,0,0,,2,6,80,0,4,0,0,0,1,0,0,0,,80,3,2,0,1,0,0,0,0,,1,2,1 3 4 5 9,1,0,1,1,1,0,0,0,1,0,9,0,0,0,0,0,0,0,0,1,3,,4,2,2,1 2 3,1,1,1,0,0,0,0,0,0,0,,1,1,,,,,,,,,,,,,,,,,,,,,,,,,,,,,,,,,,,,,,,,,,,,,,,,,,,,,,,,,,,,,,,,,,,,,,,,,,,,,,,,,,,,1,26,0,0,0,0,0,0,0,0,0,0,0,0,0,0,0,0,0,0,0,0,0,0,0,0,0,1,,2,2,,,,,,,,,,,,,,,,,,,,,,,,,,,,,,,,,,,,,,,,,,,,,,,,,,,,,,,,,,,,,,,,,,,,,,,,,,,,,,,,,2,0,1,0,0,0,0,0,0,0,0,0,0,4,2,,,,,,,,,,,,,,,,,,,,2,,,,,,,,,,,,,,,,,,,6,0,0,0,0,0,1,0,0,6,0,0,0,0,0,1,0,0,5,0,0,0,0,1,0,0,,,,,,,,,,,,,,,,,,,,1,1,0,3,0,0,1,0,0,0,0,0,0,0,0,0,0,0,0,,,1,3,0,0,1,0,0,0,0,0,0,0,1,6,0,0,0,0,0,1,0,0,0,0,0,0,0,0,1,1 2 5,1,1,0,0,1,0,0,0,0,0,11,2,,,,,,,,,,,,,,1,4,0,0,0,1,0,0,0,0,0,0,0,0,0,0,0,0,0,0,0,1,1,0,0,0,0,0,0,0,0,0,2,2 3,0,1,1,0,0,0,0,0,0,0,0,0,0,1,2,4,1,1 6 12,1,0,0,0,0,1,0,0,0,0,0,1,0,0,0,0,0,0,0,,5,0,0,0,0,1,0,0,0,0,8,2,,2,1 8,1,0,0,0,0,0,0,1,0,0,0,0,0,0,0,Yemen MCLA 2019 HH Questionnaire v14- 2019-09-19,892803,b1c4bba7-5a14-450b-b684-c4f85d38e137,2019-09-19T11:48:48,,26
2019-09-19T14:26:02.210+03,2019-09-19T14:46:02.089+03,2019-09-19,9.90001E+13,Barcode,,130522001,4,10005,2019-09-16,13:30:00.000+03,14:30:00.000+03,1,1,3,0,0,1,0,0,0,,1985,3,34,1,2,2,,2,0,0,0,0,0,0,,2,,,,,,7,??????,2,8,1 4 9,1,0,0,1,0,0,0,0,1,0,0,0,6,0,0,0,0,0,1,0,0,0,0,0,2 4 5,0,1,0,1,1,0,0,0,0,7,7,,1,5,11,7,0,0,0,0,0,0,1,,2,,,,,8,0,0,0,0,0,0,0,1,3,0,0,1,,,,,,,,,,,,,,4,,6,11,??????,5,0,0,0,0,1,0,0,,4,5,100,0,4,0,0,0,1,0,0,0,,2000,3,6,0,0,0,0,0,1,????,2,,1 2 3 4 5 6 7 8 9,1,1,1,1,1,1,1,1,1,0,2,0,1,0,0,0,0,0,0,0,4,,,1,3,4,0,0,0,1,0,0,0,0,0,0,,4,5,,,,,,,,,,,,,,,,,,,,,,,,,,,,,,,,,,,,,,,,,,,,,,,,,,,,,,,,,,,,,,,,,,,,,,,,,,,,,,,,,,,,1,23,0,0,0,0,0,0,0,0,0,0,0,0,0,0,0,0,0,0,0,0,0,0,1,0,0,0,,2,2,,,,,,,,,,,,,,,,,,,,,,,,,,,,,,,,,,,,,,,,,,,,,,,,,,,,,,,,,,,,,,,,,,,,,,,,,,,,,,,,,2 3,0,1,1,0,0,0,0,0,0,0,0,0,4,2,,,,,,,,,,,,,,,,,,,,2,,,,,,,,,,,,,,,,,,,7,0,0,0,0,0,0,1,0,7,0,0,0,0,0,0,1,0,6,0,0,0,0,0,1,0,,,,,,,,,,,,,,,,,,,,2,0,1,3 8,0,0,1,0,0,0,0,1,0,0,0,0,0,0,0,,,1,3 7 8,0,0,1,0,0,0,1,1,0,0,1,14,0,0,0,0,0,0,0,0,0,0,0,0,0,1,2,,,,,,,,,,,,11,2,,,,,,,,,,,,,,2,,,,,,,,,,,,,,,,,,,,,,,,,,,,,,,,,,,,,,,,,,,,,,,,,5,1,6 7 10,0,0,0,0,0,1,1,0,0,1,0,0,0,0,0,0,0,0,0,,5 6 7,0,0,0,0,1,1,1,0,0,8,1,2,2,1 2 8,1,1,0,0,0,0,0,1,0,0,0,0,0,0,0,Yemen MCLA 2019 HH Questionnaire v14- 2019-09-19,892804,35ee4899-f0e9-4332-8074-8ec547ba720a,2019-09-19T11:50:22,,27
